layer,head,alloc_imp,alloc_imp_lo,alloc_imp_hi,track_imp_r,track_imp_lo,track_imp_hi,track_imp_nullp,surv_imp,alloc_blk,alloc_blk_lo,alloc_blk_hi,track_blk_r,track_blk_lo,track_blk_hi,track_blk_nullp,surv_blk
28,1,-0.000368,-0.000596,-0.000142,0.270798,0.170834,0.369079,0.000000,True,0.000048,-0.000385,0.000476,-0.405845,-0.501739,-0.300933,0.000000,True
30,31,-0.054909,-0.070561,-0.040949,-0.309718,-0.387880,-0.220430,0.000000,True,-0.058691,-0.073994,-0.044996,-0.405074,-0.496462,-0.293286,0.000000,True
27,21,0.010751,0.004694,0.016831,-0.103548,-0.165488,-0.036804,0.467000,False,0.009691,0.003725,0.015533,-0.387742,-0.492068,-0.277390,0.000000,True
19,29,0.000303,0.000047,0.000535,-0.052762,-0.141184,0.031441,0.148000,False,-0.001342,-0.003403,0.000655,-0.371886,-0.462604,-0.278345,0.000000,True
22,23,-0.001338,-0.001723,-0.001031,-0.053140,-0.204496,0.034936,0.155000,False,-0.000765,-0.001359,-0.000183,-0.371695,-0.485151,-0.252151,0.000000,True
28,8,-0.002058,-0.002621,-0.001568,0.367476,0.288178,0.456247,0.000000,True,-0.000774,-0.001746,0.000136,-0.161681,-0.266809,-0.054892,0.000000,True
30,16,-0.002782,-0.003671,-0.001912,-0.083535,-0.166309,0.006104,0.193000,False,-0.002530,-0.004148,-0.000869,-0.364243,-0.485444,-0.235369,0.000000,True
31,13,-0.032279,-0.037663,-0.027012,0.352429,0.286588,0.413743,0.000000,True,-0.034722,-0.040536,-0.028894,0.359352,0.286607,0.423313,0.000000,True
24,19,0.016163,0.013573,0.018821,-0.079891,-0.152566,0.000587,0.980000,False,0.013939,0.011255,0.016615,-0.356126,-0.450166,-0.256092,0.000000,True
27,15,-0.001017,-0.001669,-0.000350,0.353985,0.259347,0.444512,0.000000,True,-0.006650,-0.008830,-0.004536,-0.190048,-0.275395,-0.101775,0.000000,True
12,1,-0.000269,-0.002832,0.002216,-0.208462,-0.302284,-0.115501,0.000000,True,-0.002763,-0.006166,0.000555,-0.349044,-0.452267,-0.238828,0.000000,True
27,27,-0.000087,-0.000176,0.000002,0.237164,0.168263,0.315280,0.000000,True,0.000559,0.000283,0.000849,-0.348821,-0.443926,-0.247832,0.000000,True
21,27,0.021310,0.018019,0.024689,-0.102255,-0.166140,-0.033399,0.427000,False,0.022645,0.018653,0.026812,-0.348600,-0.433158,-0.268698,0.000000,True
26,25,-0.000300,-0.000375,-0.000233,0.257014,0.172093,0.347385,0.000000,True,-0.000200,-0.000384,-0.000023,-0.348346,-0.464238,-0.219809,0.000000,True
29,17,0.000385,-0.000157,0.000914,0.027587,-0.030803,0.090666,0.577000,False,0.002872,0.000465,0.005321,-0.347912,-0.443577,-0.241556,0.000000,True
19,18,0.002860,0.002150,0.003547,-0.065265,-0.137342,0.007066,0.180000,False,0.000795,-0.001045,0.002624,-0.345344,-0.431009,-0.252418,0.000000,True
27,12,-0.000103,-0.000349,0.000140,0.343925,0.243586,0.440702,0.000000,True,0.000447,-0.000527,0.001327,-0.075564,-0.179097,0.035457,0.028000,False
4,17,0.000051,-0.000098,0.000205,0.343650,0.263977,0.431054,0.000000,True,-0.000006,-0.000130,0.000119,0.318830,0.225786,0.409033,0.000000,True
18,6,-0.000849,-0.001015,-0.000680,-0.181283,-0.320337,-0.025171,0.000000,True,-0.001355,-0.002001,-0.000743,-0.341317,-0.458219,-0.220702,0.000000,True
11,22,0.002134,0.000518,0.003849,0.120789,0.034917,0.207398,0.000000,True,-0.002807,-0.004730,-0.000656,-0.340440,-0.431299,-0.250133,0.000000,True
24,11,0.000327,0.000097,0.000560,0.059000,-0.025543,0.144686,0.484000,False,0.000097,-0.000242,0.000407,-0.339904,-0.435563,-0.252032,0.000000,True
28,3,-0.000658,-0.001323,-0.000026,0.041743,-0.033423,0.119374,0.340000,False,-0.002178,-0.003490,-0.000928,-0.337105,-0.422688,-0.256488,0.000000,True
14,26,0.000057,0.000030,0.000086,0.336850,0.252975,0.421031,0.000000,True,0.000049,0.000020,0.000080,0.274528,0.189585,0.354184,0.000000,True
27,26,-0.001461,-0.001892,-0.001024,-0.017294,-0.097534,0.055936,0.775000,False,-0.000974,-0.001513,-0.000412,-0.336429,-0.413413,-0.256568,0.000000,True
23,26,0.000215,-0.000114,0.000533,0.014697,-0.087027,0.107697,0.660000,False,-0.000155,-0.001290,0.000948,-0.336210,-0.409617,-0.262396,0.000000,True
14,11,0.000943,0.000452,0.001475,0.335684,0.253156,0.421022,0.000000,True,0.002379,0.001229,0.003680,0.295115,0.204857,0.385611,0.000000,True
28,9,-0.002100,-0.002623,-0.001587,0.335652,0.240547,0.428951,0.000000,True,-0.001546,-0.002193,-0.000930,0.289132,0.186122,0.385985,0.000000,True
24,31,-0.000170,-0.000307,-0.000048,0.281639,0.214692,0.368561,0.000000,True,-0.000256,-0.000502,-0.000003,0.333482,0.253528,0.415253,0.000000,True
24,13,-0.000585,-0.000839,-0.000352,0.261073,0.158677,0.361766,0.000000,True,-0.002243,-0.002949,-0.001546,0.332919,0.246169,0.411180,0.000000,True
28,4,-0.002192,-0.002734,-0.001705,0.331734,0.259768,0.416498,0.000000,True,-0.003543,-0.004109,-0.002967,0.314551,0.243523,0.389338,0.000000,True
0,13,0.003176,0.003053,0.003293,0.307972,0.216720,0.398365,0.000000,True,0.003428,0.003295,0.003556,-0.331030,-0.408772,-0.256159,0.000000,True
27,24,0.001734,0.001002,0.002447,0.098991,0.019626,0.184277,0.034000,False,0.000342,-0.000564,0.001259,-0.328733,-0.420607,-0.233323,0.000000,True
24,12,-0.000029,-0.000131,0.000067,0.328444,0.244535,0.411282,0.000000,True,-0.000992,-0.001467,-0.000523,-0.028204,-0.102681,0.046776,0.567000,False
11,28,0.001111,-0.000686,0.002781,-0.145015,-0.241505,-0.069414,0.000000,True,-0.003092,-0.005150,-0.000978,-0.327818,-0.424924,-0.229262,0.000000,True
23,4,-0.000630,-0.000955,-0.000320,-0.005412,-0.087451,0.072635,0.878000,False,-0.002061,-0.003167,-0.000972,-0.325278,-0.423744,-0.223907,0.000000,True
30,23,-0.000777,-0.001024,-0.000545,0.324702,0.246655,0.410245,0.000000,True,-0.000690,-0.001093,-0.000280,0.312355,0.211332,0.409938,0.000000,True
27,0,-0.000164,-0.000358,0.000027,0.323846,0.247419,0.411717,0.000000,True,-0.001210,-0.001792,-0.000661,-0.250195,-0.345100,-0.149495,0.000000,True
4,18,-0.002653,-0.003645,-0.001643,0.323036,0.227904,0.415672,0.000000,True,-0.004493,-0.005407,-0.003656,0.285772,0.188398,0.380428,0.000000,True
18,2,-0.020638,-0.023614,-0.017580,0.070711,0.006756,0.130416,0.079000,False,-0.022037,-0.025567,-0.018402,-0.322746,-0.414278,-0.245091,0.000000,True
27,4,0.015760,0.010733,0.020749,-0.127433,-0.190981,-0.062354,0.047000,False,0.014673,0.009816,0.019396,-0.321899,-0.425363,-0.218821,0.000000,True
29,23,0.022471,0.019564,0.025419,0.012002,-0.049423,0.074668,0.857000,False,0.025540,0.022449,0.028722,-0.321808,-0.431515,-0.216144,0.000000,True
25,26,-0.000006,-0.000253,0.000226,0.141060,0.077344,0.202401,0.000000,True,-0.002839,-0.003843,-0.001866,-0.321802,-0.422835,-0.217166,0.000000,True
27,19,-0.001389,-0.001594,-0.001164,0.321623,0.230676,0.418473,0.000000,True,-0.000575,-0.001528,0.000415,-0.063655,-0.130741,-0.018351,0.097000,False
26,5,0.002250,0.001550,0.003008,0.239077,0.150431,0.329845,0.000000,True,0.000246,-0.001031,0.001439,-0.320489,-0.409184,-0.224748,0.000000,True
27,14,-0.000153,-0.000457,0.000127,0.320411,0.225257,0.418065,0.000000,True,-0.002282,-0.003304,-0.001287,0.085467,0.018963,0.153006,0.032000,False
11,17,-0.001169,-0.002166,-0.000148,0.319713,0.214222,0.422913,0.000000,True,-0.005398,-0.007621,-0.003372,0.249916,0.153512,0.344769,0.000000,True
17,17,-0.000212,-0.000505,0.000109,-0.100283,-0.163771,-0.047006,0.012000,False,-0.000616,-0.001739,0.000453,-0.319592,-0.413041,-0.219358,0.000000,True
26,1,-0.000345,-0.000982,0.000274,-0.035112,-0.116278,0.035844,0.513000,False,0.000089,-0.000854,0.000973,-0.319459,-0.434823,-0.201235,0.000000,True
2,22,0.000202,-0.000044,0.000431,0.040594,-0.036289,0.114007,0.202000,False,0.003994,0.003160,0.004889,0.318457,0.230623,0.411764,0.000000,True
6,15,0.001374,0.000184,0.002465,0.318197,0.226163,0.406338,0.000000,True,0.000128,-0.000919,0.001088,0.243242,0.148305,0.335600,0.000000,True
27,3,-0.000442,-0.000625,-0.000262,0.317957,0.245059,0.400338,0.000000,True,-0.000327,-0.000646,-0.000008,-0.128736,-0.232178,-0.026198,0.000000,True
9,23,0.007116,0.005652,0.008636,0.044083,-0.042559,0.126459,0.231000,False,0.006711,0.005133,0.008342,-0.317271,-0.424015,-0.207024,0.000000,True
27,30,0.004234,0.003297,0.005166,0.068467,0.011104,0.133919,0.105000,False,0.006316,0.004535,0.008063,-0.316860,-0.433028,-0.203720,0.000000,True
4,24,0.000211,-0.000126,0.000556,0.316349,0.238780,0.394750,0.000000,True,0.000224,-0.000186,0.000691,0.280179,0.187818,0.371728,0.000000,True
15,26,-0.004491,-0.006905,-0.002170,0.312368,0.227514,0.400122,0.000000,True,-0.003387,-0.007691,0.000866,0.173865,0.080083,0.262829,0.000000,True
31,27,-0.001446,-0.001924,-0.000957,0.161522,0.097323,0.233869,0.000000,True,-0.002539,-0.004122,-0.001105,-0.311918,-0.401643,-0.219462,0.000000,True
28,14,-0.004872,-0.006653,-0.003145,-0.098063,-0.191652,-0.006400,0.066000,False,-0.007616,-0.009423,-0.005785,-0.311482,-0.417804,-0.196205,0.000000,True
7,19,0.010643,0.007214,0.013970,0.290000,0.160651,0.421361,0.000000,True,0.012193,0.008543,0.015805,0.310703,0.198152,0.426224,0.000000,True
20,11,0.020915,0.016924,0.025142,0.028727,-0.038970,0.093471,0.702000,False,0.024461,0.020018,0.029198,-0.310202,-0.388902,-0.233542,0.000000,True
2,31,-0.000257,-0.000379,-0.000134,0.308284,0.221782,0.393799,0.000000,True,0.000004,-0.000100,0.000113,0.226158,0.125281,0.321492,0.000000,True
11,16,0.000229,-0.000225,0.000682,0.308079,0.207812,0.406839,0.000000,True,0.000305,-0.000750,0.001298,0.285274,0.189089,0.380433,0.000000,True
21,17,-0.000626,-0.000937,-0.000330,0.307366,0.240328,0.382765,0.000000,True,-0.001050,-0.001547,-0.000573,-0.244389,-0.351037,-0.130011,0.000000,True
8,17,0.001540,-0.000291,0.003221,0.169762,0.073319,0.268501,0.000000,True,-0.002885,-0.005621,-0.000210,-0.306730,-0.381262,-0.230086,0.000000,True
23,0,-0.000116,-0.000213,-0.000015,0.306591,0.215817,0.394155,0.000000,True,0.000111,-0.000135,0.000356,0.180896,0.093274,0.267061,0.000000,True
0,0,0.010302,0.008606,0.012076,0.306449,0.223461,0.390124,0.000000,True,0.007916,0.006690,0.009173,0.242982,0.145632,0.338728,0.000000,True
3,24,0.002277,0.001735,0.002859,0.263701,0.173059,0.357219,0.000000,True,0.002261,0.001763,0.002786,0.306288,0.210269,0.403975,0.000000,True
19,15,0.015193,0.009582,0.021410,-0.025040,-0.103772,0.048766,0.599000,False,0.030704,0.022551,0.038878,-0.305093,-0.404306,-0.208120,0.000000,True
24,6,0.000036,-0.000495,0.000528,0.190886,0.108351,0.272517,0.000000,True,-0.012059,-0.014633,-0.009287,-0.304985,-0.408140,-0.199278,0.000000,True
0,17,0.003073,0.002798,0.003355,0.275971,0.179402,0.369892,0.000000,True,0.003227,0.002934,0.003525,-0.303809,-0.392492,-0.218806,0.000000,True
1,25,-0.000149,-0.000218,-0.000084,0.303676,0.205306,0.400866,0.000000,True,-0.000147,-0.000217,-0.000080,0.123521,0.048516,0.196388,0.000000,True
28,12,0.003679,0.002999,0.004366,0.013512,-0.057869,0.083503,0.853000,False,0.004849,0.003158,0.006487,-0.302603,-0.396708,-0.211655,0.000000,True
16,9,0.000810,0.000431,0.001235,-0.003670,-0.101811,0.083399,0.895000,False,-0.000679,-0.002202,0.000838,-0.302254,-0.412682,-0.185043,0.000000,True
30,4,-0.000278,-0.000378,-0.000179,0.216050,0.145440,0.286273,0.000000,True,-0.000276,-0.000857,0.000294,-0.301911,-0.397742,-0.203551,0.000000,True
24,28,-0.001076,-0.001544,-0.000648,0.301380,0.204076,0.395221,0.000000,True,-0.001284,-0.002089,-0.000504,0.274612,0.176198,0.361339,0.000000,True
22,20,-0.001875,-0.002401,-0.001454,0.003306,-0.095227,0.073423,0.921000,False,-0.002010,-0.002541,-0.001496,-0.300767,-0.409290,-0.188877,0.000000,True
3,26,0.001751,0.001028,0.002543,0.300496,0.216860,0.383662,0.000000,True,0.000137,-0.000276,0.000566,0.226078,0.136918,0.314137,0.000000,True
29,13,-0.001005,-0.001099,-0.000908,0.300473,0.224580,0.373782,0.000000,True,-0.001874,-0.002065,-0.001683,0.024296,-0.038492,0.090977,0.480000,False
1,1,-0.000342,-0.000410,-0.000279,0.300213,0.220808,0.382204,0.000000,True,-0.000284,-0.000361,-0.000209,0.213500,0.125235,0.301937,0.000000,True
3,8,0.000221,0.000118,0.000323,0.300107,0.214927,0.382606,0.000000,True,0.000143,0.000006,0.000274,0.234256,0.136115,0.328497,0.000000,True
5,24,0.006474,0.003988,0.009053,-0.186174,-0.256419,-0.122774,0.000000,True,0.002847,0.000398,0.005384,-0.299377,-0.389767,-0.210514,0.000000,True
1,27,-0.000065,-0.000114,-0.000014,0.298209,0.207369,0.386022,0.000000,True,0.000026,-0.000027,0.000082,0.244927,0.153085,0.334834,0.000000,True
1,16,-0.000034,-0.000044,-0.000024,0.297795,0.218818,0.379039,0.000000,True,-0.000050,-0.000060,-0.000039,0.230694,0.141829,0.319227,0.000000,True
1,0,-0.000773,-0.000947,-0.000584,0.297650,0.217486,0.380263,0.000000,True,-0.000824,-0.001024,-0.000625,0.260824,0.167961,0.353407,0.000000,True
18,3,0.000730,0.000522,0.000949,-0.008222,-0.078798,0.067583,0.955000,False,-0.001256,-0.001957,-0.000587,-0.297590,-0.394326,-0.203915,0.000000,True
4,1,-0.000189,-0.000576,0.000184,-0.041139,-0.140054,0.073506,0.248000,False,0.000305,-0.000195,0.000791,-0.297437,-0.378650,-0.213604,0.000000,True
8,24,0.011966,0.007795,0.016556,0.041799,-0.060214,0.138849,0.476000,False,0.004989,0.000244,0.009650,-0.296877,-0.371819,-0.221323,0.000000,True
7,2,-0.000596,-0.000904,-0.000289,0.264214,0.172410,0.353222,0.000000,True,-0.000538,-0.001004,-0.000073,0.296849,0.202102,0.389203,0.000000,True
0,8,0.012581,0.012379,0.012778,0.296599,0.209694,0.381157,0.000000,True,0.012773,0.012567,0.012976,-0.285436,-0.364537,-0.204634,0.000000,True
1,10,-0.000605,-0.000837,-0.000368,0.296498,0.207140,0.384417,0.000000,True,0.001083,0.000661,0.001520,0.240773,0.144345,0.336054,0.000000,True
24,15,-0.000232,-0.000428,-0.000055,0.296350,0.225558,0.371873,0.000000,True,-0.000832,-0.001245,-0.000428,0.266486,0.178000,0.350708,0.000000,True
29,12,-0.001195,-0.001338,-0.001056,0.295910,0.239865,0.360974,0.000000,True,-0.001695,-0.001925,-0.001469,-0.001164,-0.091432,0.091700,0.980000,False
13,31,0.006720,0.003155,0.010490,-0.014967,-0.107426,0.072819,0.646000,False,0.005723,0.001406,0.010284,-0.295459,-0.376612,-0.216645,0.000000,True
0,19,0.002857,0.002726,0.002990,-0.295446,-0.383616,-0.207362,0.000000,True,0.003095,0.002974,0.003219,-0.255854,-0.349216,-0.159877,0.000000,True
19,19,0.001173,0.000892,0.001470,-0.047529,-0.112464,0.020631,0.348000,False,0.000848,0.000319,0.001348,-0.295011,-0.377399,-0.205668,0.000000,True
1,17,0.000658,0.000409,0.000916,0.294962,0.212536,0.379963,0.000000,True,0.000664,0.000418,0.000923,0.230628,0.130716,0.329785,0.000000,True
29,6,-0.001171,-0.001635,-0.000710,0.294794,0.202421,0.389937,0.000000,True,-0.000476,-0.001248,0.000269,0.050823,-0.015320,0.129520,0.315000,False
3,11,0.000142,0.000025,0.000263,0.294513,0.209689,0.377881,0.000000,True,0.000084,-0.000025,0.000191,0.263660,0.166415,0.358515,0.000000,True
7,5,-0.000441,-0.000581,-0.000306,0.294266,0.202674,0.389663,0.000000,True,-0.000451,-0.000616,-0.000295,0.267670,0.173812,0.360576,0.000000,True
11,3,0.003447,0.001480,0.005628,0.021541,-0.066679,0.108095,0.497000,False,-0.002360,-0.004923,0.000151,-0.294152,-0.386236,-0.197426,0.000000,True
1,24,-0.000049,-0.000138,0.000043,0.293906,0.203626,0.385639,0.000000,True,-0.000092,-0.000194,0.000011,0.267296,0.168810,0.366754,0.000000,True
23,3,0.002006,0.001453,0.002547,0.095744,0.038096,0.158108,0.011000,False,0.002475,0.001239,0.003725,-0.293521,-0.382636,-0.195433,0.000000,True
3,4,-0.000024,-0.000037,-0.000011,0.293508,0.205907,0.375979,0.000000,True,-0.000026,-0.000045,-0.000007,0.219159,0.127617,0.308319,0.000000,True
0,15,0.000731,0.000717,0.000744,0.289950,0.198924,0.381625,0.000000,True,0.000752,0.000737,0.000766,-0.293257,-0.390139,-0.197128,0.000000,True
10,28,0.006742,0.000098,0.013763,-0.262220,-0.335334,-0.181384,0.000000,True,-0.000025,-0.007773,0.007918,-0.292777,-0.385069,-0.191319,0.000000,True
3,10,0.000043,-0.000220,0.000304,0.292636,0.203886,0.379055,0.000000,True,-0.000549,-0.000816,-0.000275,0.222351,0.123793,0.317132,0.000000,True
0,9,0.008409,0.008279,0.008530,0.292204,0.199941,0.382999,0.000000,True,0.008398,0.008264,0.008525,0.163494,0.073543,0.249365,0.000000,True
27,2,0.000682,0.000048,0.001315,0.090258,0.006374,0.190417,0.480000,False,0.000755,-0.000106,0.001582,-0.291664,-0.378968,-0.206401,0.000000,True
10,11,-0.000613,-0.001360,0.000077,0.291427,0.206044,0.384337,0.000000,True,-0.002164,-0.003880,-0.000521,0.237884,0.148893,0.329688,0.000000,True
0,28,-0.000407,-0.000418,-0.000395,0.291402,0.198622,0.382422,0.000000,True,-0.000413,-0.000429,-0.000398,-0.194698,-0.247056,-0.146115,0.000000,True
1,11,-0.002593,-0.002961,-0.002214,0.291369,0.203924,0.378942,0.000000,True,-0.001211,-0.001692,-0.000716,0.233999,0.139588,0.328093,0.000000,True
11,5,0.004931,-0.003334,0.013006,-0.240251,-0.332325,-0.144072,0.000000,True,0.000764,-0.006528,0.007593,-0.290508,-0.379845,-0.196869,0.000000,True
31,9,-0.000265,-0.000413,-0.000127,0.290049,0.208231,0.382284,0.000000,True,-0.001197,-0.001424,-0.000983,0.160310,0.087431,0.237158,0.000000,True
31,8,-0.000686,-0.000820,-0.000562,0.289983,0.200078,0.379107,0.000000,True,-0.001269,-0.001515,-0.001023,0.199368,0.110968,0.286693,0.000000,True
25,9,0.000023,0.000001,0.000046,0.289894,0.235946,0.349165,0.000000,True,-0.000130,-0.000219,-0.000042,0.080705,-0.037138,0.184791,0.156000,False
0,11,0.033742,0.032689,0.034864,0.289571,0.200833,0.373204,0.000000,True,0.034378,0.033294,0.035532,-0.275352,-0.350737,-0.199782,0.000000,True
22,25,0.002802,0.002279,0.003378,0.034604,-0.037890,0.104005,0.283000,False,0.000107,-0.001188,0.001443,-0.289436,-0.388596,-0.187035,0.000000,True
0,6,0.000184,0.000170,0.000198,0.289074,0.189514,0.386119,0.000000,True,0.000177,0.000163,0.000191,0.173550,0.080639,0.260312,0.000000,True
3,17,0.000000,-0.000010,0.000009,0.288811,0.217407,0.361223,0.000000,True,-0.000005,-0.000015,0.000004,0.035716,-0.029924,0.099628,0.285000,False
0,25,0.000923,0.000874,0.000974,0.288608,0.184301,0.390999,0.000000,True,0.000896,0.000853,0.000941,0.156749,0.062579,0.244362,0.000000,True
2,30,-0.000194,-0.000267,-0.000122,0.288240,0.188250,0.384806,0.000000,True,-0.000101,-0.000165,-0.000027,0.275902,0.176225,0.372935,0.000000,True
0,10,0.004271,0.003620,0.004938,0.288120,0.190770,0.384888,0.000000,True,0.004028,0.003422,0.004642,0.192354,0.094298,0.282981,0.000000,True
24,29,0.000221,0.000027,0.000409,0.287795,0.210447,0.368247,0.000000,True,0.000635,0.000320,0.000957,0.286759,0.195081,0.377474,0.000000,True
24,8,-0.000661,-0.000774,-0.000547,0.287280,0.228897,0.346800,0.000000,True,-0.001074,-0.001310,-0.000833,-0.098236,-0.180563,-0.022182,0.015000,False
20,31,0.003042,0.001264,0.005040,-0.183499,-0.249467,-0.115084,0.000000,True,-0.000854,-0.004029,0.002158,-0.287187,-0.368563,-0.204272,0.000000,True
28,7,-0.000962,-0.001304,-0.000674,0.287049,0.198390,0.381255,0.000000,True,-0.001440,-0.001795,-0.001109,0.233114,0.141370,0.321364,0.000000,True
12,13,0.007156,0.005961,0.008327,0.286938,0.197116,0.374559,0.000000,True,0.005541,0.003901,0.007171,0.207597,0.117757,0.298538,0.000000,True
1,3,-0.001226,-0.001576,-0.000886,0.286849,0.209411,0.369639,0.000000,True,0.000843,0.000289,0.001403,0.248632,0.153723,0.341530,0.000000,True
28,11,0.000330,-0.000130,0.000777,0.286565,0.214766,0.364052,0.000000,True,0.001474,0.000468,0.002395,-0.055163,-0.142449,0.022237,0.092000,False
10,26,0.001495,-0.000028,0.003119,0.139574,0.054272,0.219656,0.000000,True,-0.001112,-0.003837,0.001638,-0.286554,-0.390506,-0.180754,0.000000,True
7,31,0.002749,0.000877,0.004732,0.286551,0.184182,0.388058,0.000000,True,0.001562,-0.000520,0.003793,0.266848,0.170886,0.362544,0.000000,True
3,19,-0.000035,-0.000086,0.000016,0.286137,0.198789,0.374392,0.000000,True,-0.000189,-0.000235,-0.000144,0.265299,0.172067,0.358102,0.000000,True
1,6,-0.001572,-0.002150,-0.000956,0.286062,0.199857,0.370422,0.000000,True,-0.000788,-0.001465,-0.000057,0.225286,0.128872,0.320339,0.000000,True
12,27,-0.000687,-0.005855,0.005487,0.285942,0.183283,0.390068,0.000000,True,-0.000032,-0.005847,0.006758,0.208383,0.119080,0.299379,0.000000,True
22,21,-0.002421,-0.002948,-0.001909,-0.032202,-0.161576,0.084256,0.329000,False,-0.003161,-0.003910,-0.002450,-0.285767,-0.405801,-0.158865,0.000000,True
27,18,-0.003212,-0.004020,-0.002388,0.204574,0.116624,0.295433,0.000000,True,-0.004860,-0.006075,-0.003610,-0.285723,-0.400597,-0.162626,0.000000,True
17,1,0.007854,0.006507,0.009165,-0.057093,-0.126517,0.005915,0.298000,False,0.005465,0.003931,0.006923,-0.285202,-0.373768,-0.207348,0.000000,True
9,24,-0.007882,-0.009628,-0.006075,0.284948,0.192136,0.375269,0.000000,True,-0.007213,-0.009274,-0.005034,0.221704,0.125880,0.315589,0.000000,True
0,5,0.000414,0.000400,0.000426,0.284804,0.181205,0.384297,0.000000,True,0.000408,0.000396,0.000421,0.141469,0.050663,0.226760,0.000000,True
1,30,0.000274,-0.000580,0.001058,0.284634,0.193385,0.375864,0.000000,True,0.000947,0.000100,0.001727,0.232066,0.137394,0.324511,0.000000,True
5,26,-0.000351,-0.000490,-0.000211,0.284537,0.196272,0.372573,0.000000,True,-0.001060,-0.001273,-0.000838,0.229155,0.131960,0.324378,0.000000,True
17,16,-0.003653,-0.004494,-0.002874,0.043235,-0.032108,0.111205,0.942000,False,-0.003362,-0.004425,-0.002387,-0.284435,-0.380011,-0.184651,0.000000,True
29,2,0.006332,0.004128,0.008581,-0.118252,-0.190336,-0.046468,0.008000,False,0.006636,0.004543,0.008717,-0.284347,-0.353863,-0.211919,0.000000,True
10,9,-0.001194,-0.001756,-0.000690,0.284270,0.182544,0.384119,0.000000,True,-0.003280,-0.004526,-0.002144,0.280024,0.184395,0.375922,0.000000,True
30,8,0.002476,0.001889,0.003052,0.122728,0.054064,0.203762,0.001000,False,0.004597,0.003384,0.005783,-0.284083,-0.379317,-0.191995,0.000000,True
4,26,-0.001151,-0.001626,-0.000704,0.283948,0.186164,0.378294,0.000000,True,-0.001690,-0.002200,-0.001186,0.259845,0.160078,0.357092,0.000000,True
10,2,0.003199,-0.001501,0.008418,-0.194847,-0.277786,-0.116738,0.000000,True,0.003111,-0.001751,0.008515,-0.283734,-0.373277,-0.189044,0.000000,True
28,13,-0.021726,-0.024967,-0.018390,0.132833,0.041045,0.218658,0.027000,False,-0.017937,-0.021853,-0.014019,-0.283666,-0.370455,-0.203526,0.000000,True
23,10,-0.002073,-0.002499,-0.001673,0.283609,0.210483,0.357629,0.000000,True,-0.002124,-0.002988,-0.001280,0.080594,0.019274,0.143679,0.010000,False
4,31,0.003547,0.001650,0.005663,0.237281,0.152529,0.323262,0.000000,True,0.002644,0.000768,0.004775,0.283585,0.187456,0.378208,0.000000,True
24,5,0.001399,0.000955,0.001855,0.076531,0.005553,0.154747,0.703000,False,0.001308,-0.000877,0.003560,-0.283566,-0.377699,-0.182131,0.000000,True
1,19,0.000504,-0.000086,0.001132,0.283425,0.189721,0.374198,0.000000,True,0.003017,0.002074,0.004035,0.247744,0.150887,0.342599,0.000000,True
6,8,0.000521,0.000285,0.000763,0.283182,0.208424,0.358064,0.000000,True,-0.000151,-0.000362,0.000069,0.278337,0.187137,0.369102,0.000000,True
0,3,-0.000362,-0.000376,-0.000348,0.283094,0.178926,0.386780,0.000000,True,-0.000363,-0.000377,-0.000349,-0.199741,-0.261756,-0.141751,0.000000,True
6,18,0.000010,-0.000315,0.000337,0.256421,0.178814,0.342072,0.000000,True,-0.002387,-0.003126,-0.001678,0.282910,0.183589,0.381003,0.000000,True
30,6,0.000861,-0.000844,0.002445,0.246139,0.164118,0.328738,0.000000,True,0.001014,-0.003462,0.005234,0.282549,0.199184,0.366394,0.000000,True
18,1,0.000681,0.000197,0.001156,0.150803,0.092077,0.209446,0.000000,True,0.000097,-0.000764,0.000931,-0.282541,-0.384971,-0.174975,0.000000,True
11,9,-0.017988,-0.021962,-0.013986,0.282016,0.189874,0.372137,0.000000,True,-0.039001,-0.043971,-0.033912,0.191218,0.105923,0.277937,0.000000,True
1,5,-0.000034,-0.000054,-0.000014,0.281846,0.211415,0.359868,0.000000,True,-0.000037,-0.000058,-0.000015,0.236109,0.149551,0.321292,0.000000,True
25,11,0.000215,0.000022,0.000411,0.281806,0.208929,0.359885,0.000000,True,-0.000655,-0.001095,-0.000213,0.238037,0.164221,0.313077,0.000000,True
19,5,-0.001682,-0.002100,-0.001266,0.281749,0.200594,0.369552,0.000000,True,-0.002082,-0.002738,-0.001398,0.200958,0.120735,0.276593,0.000000,True
0,27,0.000350,0.000327,0.000373,0.281670,0.175449,0.385175,0.000000,True,0.000349,0.000323,0.000375,0.070946,-0.024631,0.156787,0.029000,False
0,4,0.000876,0.000851,0.000902,0.281394,0.186729,0.373524,0.000000,True,0.000832,0.000804,0.000859,0.220535,0.121691,0.313953,0.000000,True
0,26,0.000446,0.000404,0.000493,0.281105,0.175266,0.384373,0.000000,True,0.000422,0.000380,0.000467,0.143330,0.047760,0.230670,0.000000,True
8,26,0.008353,0.006532,0.010188,-0.122236,-0.194382,-0.044056,0.004000,False,0.003768,0.001663,0.005918,-0.280985,-0.373478,-0.183343,0.000000,True
17,10,-0.003913,-0.005959,-0.002161,-0.028636,-0.114658,0.058876,0.393000,False,-0.009233,-0.012144,-0.006390,-0.280777,-0.370537,-0.188437,0.000000,True
2,7,-0.001239,-0.001405,-0.001071,0.280604,0.197054,0.363897,0.000000,True,-0.000916,-0.001099,-0.000727,0.235880,0.137749,0.332352,0.000000,True
5,19,0.001117,0.000773,0.001481,0.232188,0.126120,0.333721,0.000000,True,0.001236,0.000823,0.001693,0.279953,0.177952,0.378946,0.000000,True
8,22,0.000597,0.000318,0.000898,0.279950,0.203978,0.364815,0.000000,True,0.000396,-0.000140,0.000958,0.256325,0.168289,0.344268,0.000000,True
21,30,0.012928,0.009803,0.016113,-0.136478,-0.210665,-0.065678,0.005000,False,0.012259,0.008823,0.015877,-0.278988,-0.372933,-0.178422,0.000000,True
25,25,-0.000246,-0.000452,-0.000067,0.109536,0.043136,0.183223,0.007000,False,-0.001528,-0.002006,-0.001106,-0.278197,-0.389023,-0.167253,0.000000,True
7,0,0.002701,0.002006,0.003392,0.277712,0.183571,0.368046,0.000000,True,0.002032,0.001206,0.002864,0.263094,0.168458,0.356486,0.000000,True
23,6,-0.002725,-0.003806,-0.001669,-0.021289,-0.113980,0.072334,0.585000,False,-0.002385,-0.004989,0.000190,-0.277525,-0.372834,-0.182163,0.000000,True
10,12,-0.000740,-0.001509,0.000010,-0.126262,-0.214572,-0.041212,0.000000,True,0.001155,0.000350,0.001956,-0.277352,-0.368217,-0.180168,0.000000,True
9,5,0.001299,0.000879,0.001741,0.071835,-0.003579,0.144993,0.027000,False,-0.000132,-0.000644,0.000387,-0.277287,-0.375630,-0.175403,0.000000,True
26,9,-0.000031,-0.000634,0.000523,0.276655,0.194469,0.355489,0.000000,True,0.002921,0.002296,0.003596,0.038903,-0.020820,0.093025,0.292000,False
4,13,-0.000751,-0.001541,0.000135,0.276464,0.194665,0.358713,0.000000,True,-0.000832,-0.001655,0.000011,0.257448,0.165493,0.348171,0.000000,True
4,30,0.001958,0.001636,0.002288,0.196914,0.109840,0.275845,0.000000,True,0.001806,0.001244,0.002401,0.276313,0.178625,0.371936,0.000000,True
5,14,-0.001572,-0.002202,-0.000949,0.276240,0.200358,0.353988,0.000000,True,-0.002443,-0.003279,-0.001575,0.234735,0.140692,0.326991,0.000000,True
29,29,0.000459,0.000275,0.000639,0.151090,0.067955,0.230756,0.000000,True,-0.004805,-0.006248,-0.003433,0.275945,0.213062,0.339604,0.000000,True
0,12,0.010967,0.010633,0.011292,0.275877,0.190489,0.361123,0.000000,True,0.010647,0.010338,0.010951,0.141961,0.049370,0.229285,0.000000,True
9,3,0.014492,0.009167,0.020222,-0.148375,-0.247830,-0.042688,0.000000,True,0.012401,0.008050,0.017099,-0.275586,-0.371152,-0.178720,0.000000,True
1,21,-0.000952,-0.001205,-0.000711,0.275527,0.202503,0.352917,0.000000,True,-0.001089,-0.001355,-0.000833,0.241325,0.146470,0.335900,0.000000,True
19,1,-0.034815,-0.041119,-0.028603,-0.100861,-0.192256,-0.008890,0.055000,False,-0.037834,-0.044386,-0.031559,-0.275427,-0.376263,-0.172246,0.000000,True
0,24,0.001086,0.001004,0.001171,0.275096,0.167652,0.378848,0.000000,True,0.001050,0.000969,0.001132,0.148628,0.053301,0.236467,0.000000,True
11,2,0.016283,0.009457,0.023577,-0.151028,-0.225076,-0.083080,0.000000,True,0.013506,0.007444,0.019865,-0.275062,-0.374001,-0.172727,0.000000,True
11,31,0.001637,0.000891,0.002462,0.274960,0.185709,0.362933,0.000000,True,0.001533,0.000496,0.002658,0.248361,0.171969,0.331067,0.000000,True
14,8,-0.002283,-0.003212,-0.001359,0.209539,0.134166,0.289280,0.000000,True,-0.000036,-0.002120,0.002051,0.274916,0.174197,0.371256,0.000000,True
5,7,0.007871,0.006104,0.009913,-0.206167,-0.291543,-0.125954,0.000000,True,0.005759,0.003946,0.007669,-0.274856,-0.367754,-0.182977,0.000000,True
29,15,-0.002117,-0.002301,-0.001942,0.227904,0.156769,0.297277,0.000000,True,-0.006298,-0.007063,-0.005555,-0.274833,-0.385106,-0.162888,0.000000,True
9,15,-0.007790,-0.009511,-0.006183,0.102102,0.000271,0.204299,0.005000,False,-0.009544,-0.011757,-0.007257,-0.274546,-0.378061,-0.175891,0.000000,True
13,28,-0.000571,-0.001325,0.000158,0.274439,0.185923,0.365199,0.000000,True,-0.000042,-0.000908,0.000830,0.148305,0.074953,0.223445,0.000000,True
3,14,0.000301,0.000149,0.000456,0.159582,0.076299,0.243835,0.000000,True,-0.000276,-0.000403,-0.000157,-0.274378,-0.348212,-0.202831,0.000000,True
9,11,0.000014,-0.000154,0.000158,0.274357,0.194906,0.351546,0.000000,True,0.000109,-0.000148,0.000362,0.261295,0.166031,0.353852,0.000000,True
12,18,0.001236,0.000812,0.001656,0.257826,0.165572,0.349944,0.000000,True,0.001369,0.000519,0.002287,0.274239,0.178637,0.369330,0.000000,True
11,4,0.001403,-0.000544,0.003887,0.253136,0.160838,0.342239,0.000000,True,-0.007914,-0.012046,-0.003932,0.274228,0.163126,0.381200,0.000000,True
2,18,-0.000846,-0.001073,-0.000637,0.274037,0.193626,0.352112,0.000000,True,-0.001084,-0.001300,-0.000880,0.206669,0.110237,0.299729,0.000000,True
8,5,0.000880,0.000399,0.001361,0.262687,0.174377,0.354337,0.000000,True,-0.000142,-0.000785,0.000524,0.273989,0.176155,0.370612,0.000000,True
25,8,0.000710,0.000507,0.000909,0.111867,0.047147,0.181307,0.002000,False,0.001254,0.000657,0.001797,-0.273706,-0.373884,-0.167721,0.000000,True
3,20,-0.000703,-0.000883,-0.000530,0.058679,-0.036747,0.163601,0.160000,False,-0.000722,-0.000887,-0.000567,-0.273593,-0.346923,-0.200680,0.000000,True
29,4,-0.000487,-0.000805,-0.000225,0.273310,0.201011,0.361405,0.000000,True,-0.001536,-0.001909,-0.001189,-0.234253,-0.342190,-0.122192,0.000000,True
3,23,0.000415,0.000259,0.000565,0.273063,0.173184,0.369679,0.000000,True,-0.000004,-0.000244,0.000235,0.116912,0.032551,0.196935,0.000000,True
12,8,0.015532,0.011913,0.019290,0.272694,0.166313,0.377255,0.000000,True,0.014862,0.010759,0.019210,0.218278,0.122575,0.312086,0.000000,True
3,21,0.002164,0.001150,0.003240,0.272576,0.166742,0.371824,0.000000,True,0.001373,0.000363,0.002423,0.174784,0.093900,0.256843,0.000000,True
25,28,-0.000140,-0.000302,0.000011,0.272290,0.207385,0.341830,0.000000,True,-0.000652,-0.000917,-0.000391,0.257386,0.187857,0.329851,0.000000,True
14,10,0.002264,0.000540,0.003881,0.240826,0.155976,0.326521,0.000000,True,0.001675,-0.000865,0.004127,0.272213,0.173496,0.366585,0.000000,True
11,10,-0.000075,-0.001455,0.001376,0.272013,0.187730,0.353830,0.000000,True,-0.004367,-0.006171,-0.002597,0.224833,0.126183,0.320658,0.000000,True
4,11,0.000778,0.000609,0.000942,0.271847,0.174091,0.365152,0.000000,True,0.000456,0.000261,0.000651,0.261944,0.167485,0.354288,0.000000,True
9,2,0.028486,0.022061,0.035232,-0.103020,-0.181230,-0.030864,0.022000,False,0.026992,0.020653,0.033932,-0.271780,-0.343297,-0.205003,0.000000,True
2,15,0.000107,-0.000108,0.000315,-0.205936,-0.264298,-0.153094,0.000000,True,0.000810,0.000215,0.001443,0.271558,0.177284,0.360278,0.000000,True
6,11,0.004335,0.003424,0.005280,0.232290,0.137201,0.327760,0.000000,True,0.003322,0.002412,0.004281,0.271342,0.177766,0.364848,0.000000,True
4,14,0.000012,-0.000192,0.000199,0.271334,0.203738,0.347999,0.000000,True,0.000004,-0.000209,0.000202,0.243581,0.156668,0.330466,0.000000,True
9,10,-0.000133,-0.000612,0.000340,0.271316,0.189489,0.352724,0.000000,True,-0.000789,-0.001416,-0.000127,0.255878,0.159610,0.353162,0.000000,True
21,18,0.000534,0.000221,0.000865,0.270883,0.178726,0.365276,0.000000,True,0.000531,-0.000065,0.001124,0.078407,-0.016215,0.173721,0.023000,False
1,4,0.000381,0.000223,0.000563,0.253462,0.179021,0.332668,0.000000,True,0.000465,0.000293,0.000664,0.270353,0.190250,0.353049,0.000000,True
16,31,-0.000312,-0.000828,0.000258,0.268643,0.183119,0.351426,0.000000,True,-0.001637,-0.002542,-0.000710,0.269828,0.188080,0.350158,0.000000,True
11,19,0.000419,-0.000590,0.001374,0.264850,0.166239,0.359919,0.000000,True,-0.000197,-0.001713,0.001214,0.269439,0.172366,0.365749,0.000000,True
0,18,-0.000002,-0.000004,0.000000,0.234168,0.132224,0.333724,0.000000,True,0.000000,-0.000002,0.000003,-0.269391,-0.347792,-0.194772,0.000000,True
2,2,0.000254,0.000088,0.000437,0.269336,0.172354,0.365661,0.000000,True,0.000549,0.000341,0.000773,0.226353,0.132498,0.314997,0.000000,True
7,4,0.000478,-0.000831,0.001795,0.267974,0.173786,0.361239,0.000000,True,-0.001822,-0.002876,-0.000735,0.269227,0.182178,0.356751,0.000000,True
26,4,0.008095,0.006311,0.009975,-0.164695,-0.244695,-0.086979,0.000000,True,0.001584,-0.001640,0.004824,-0.268901,-0.363436,-0.166947,0.000000,True
11,7,0.004124,0.000495,0.008152,-0.267846,-0.353969,-0.178045,0.000000,True,-0.000397,-0.004715,0.004149,-0.268829,-0.343670,-0.191227,0.000000,True
31,7,-0.001887,-0.003657,-0.000214,0.197760,0.126153,0.273190,0.000000,True,0.004691,-0.000604,0.010126,0.268522,0.180364,0.352419,0.000000,True
10,6,0.000473,-0.000492,0.001479,-0.225288,-0.298714,-0.152642,0.000000,True,0.000205,-0.001733,0.002230,-0.268397,-0.362505,-0.168803,0.000000,True
11,13,0.014875,0.010729,0.019113,-0.146030,-0.239040,-0.049365,0.000000,True,0.017470,0.011715,0.023073,-0.268369,-0.334443,-0.196767,0.000000,True
14,9,0.001324,0.000492,0.002166,0.268323,0.189048,0.347751,0.000000,True,-0.000318,-0.002048,0.001552,0.242184,0.148970,0.333069,0.000000,True
8,13,0.006507,0.004715,0.008434,0.267087,0.169954,0.363900,0.000000,True,0.009615,0.007706,0.011518,0.268306,0.170774,0.365237,0.000000,True
28,2,-0.000563,-0.000730,-0.000395,0.259230,0.180472,0.348984,0.000000,True,-0.002126,-0.002894,-0.001405,-0.268268,-0.367037,-0.166796,0.000000,True
11,25,-0.003333,-0.006222,-0.000605,0.267972,0.166821,0.367103,0.000000,True,-0.012947,-0.016822,-0.008985,0.155615,0.061032,0.251425,0.000000,True
7,6,0.002659,0.001484,0.003789,-0.172141,-0.239674,-0.103347,0.000000,True,-0.003513,-0.004703,-0.002324,-0.267778,-0.352852,-0.182175,0.000000,True
8,4,0.000010,-0.000607,0.000637,0.267728,0.169842,0.362501,0.000000,True,-0.001352,-0.002485,-0.000184,0.241304,0.147622,0.333085,0.000000,True
9,8,-0.002668,-0.003725,-0.001610,0.267599,0.164232,0.367187,0.000000,True,-0.002074,-0.003711,-0.000426,0.254514,0.157516,0.350779,0.000000,True
28,22,-0.001210,-0.001435,-0.000983,0.267094,0.194443,0.347581,0.000000,True,-0.000833,-0.001012,-0.000665,0.224800,0.143231,0.305301,0.000000,True
4,0,0.002177,0.001982,0.002357,-0.259280,-0.350856,-0.160522,0.000000,True,0.001940,0.001616,0.002277,-0.266933,-0.359852,-0.172440,0.000000,True
4,27,0.000459,0.000266,0.000656,0.265341,0.170882,0.358374,0.000000,True,-0.000144,-0.000398,0.000114,0.266711,0.169716,0.361455,0.000000,True
9,9,-0.002198,-0.002695,-0.001737,0.249247,0.148504,0.350040,0.000000,True,-0.002889,-0.003568,-0.002175,0.266646,0.167740,0.366513,0.000000,True
28,6,-0.001263,-0.002307,-0.000541,0.129959,0.057624,0.235291,0.003000,False,-0.002086,-0.003030,-0.001331,-0.266343,-0.415146,-0.134788,0.000000,True
4,28,0.000547,0.000417,0.000690,0.252304,0.156376,0.345463,0.000000,True,-0.002813,-0.003329,-0.002321,0.266095,0.165673,0.363269,0.000000,True
19,12,-0.007443,-0.011047,-0.003844,0.001812,-0.074068,0.080247,0.978000,False,-0.004342,-0.009416,0.000618,-0.265947,-0.362010,-0.175991,0.000000,True
11,30,0.002605,-0.001039,0.005932,-0.106916,-0.177635,-0.048651,0.000000,True,0.001357,-0.002729,0.005194,-0.265715,-0.359589,-0.165245,0.000000,True
13,29,0.002648,0.000678,0.004711,0.265667,0.167359,0.362201,0.000000,True,0.000576,-0.001627,0.002774,0.222353,0.130310,0.316031,0.000000,True
21,24,0.002946,0.002243,0.003778,0.058099,-0.013271,0.131048,0.095000,False,0.002466,-0.000897,0.005582,-0.265629,-0.341012,-0.188821,0.000000,True
7,20,0.006757,0.005632,0.007853,0.265323,0.162357,0.362001,0.000000,True,0.004365,0.003313,0.005457,0.229181,0.132008,0.323380,0.000000,True
11,12,-0.013316,-0.016641,-0.009995,-0.213600,-0.306146,-0.115916,0.000000,True,-0.021556,-0.026376,-0.016653,-0.265260,-0.363731,-0.157887,0.000000,True
2,1,-0.002046,-0.002547,-0.001571,-0.265143,-0.365372,-0.163797,0.000000,True,-0.003340,-0.004239,-0.002433,0.175388,0.088601,0.257780,0.000000,True
6,10,0.000176,0.000027,0.000325,0.265002,0.172987,0.356562,0.000000,True,-0.001291,-0.001590,-0.001015,0.253382,0.162788,0.344115,0.000000,True
3,15,0.000911,0.000543,0.001306,0.203214,0.100427,0.299450,0.000000,True,0.000274,0.000071,0.000485,0.264973,0.168980,0.361019,0.000000,True
0,30,-0.000002,-0.000003,-0.000002,-0.119807,-0.256867,-0.064976,0.000000,True,-0.000002,-0.000003,-0.000002,-0.264894,-0.359884,-0.172067,0.000000,True
2,6,0.000071,-0.000443,0.000614,0.264762,0.201474,0.326679,0.000000,True,-0.000623,-0.001195,-0.000022,-0.225942,-0.308691,-0.140385,0.000000,True
7,21,0.001200,0.000280,0.002029,-0.083366,-0.158394,-0.006707,0.010000,False,-0.002363,-0.003312,-0.001423,-0.264749,-0.357366,-0.174248,0.000000,True
14,22,-0.026526,-0.035587,-0.018092,0.061737,-0.011544,0.134017,0.119000,False,-0.019681,-0.033371,-0.006774,0.264465,0.179451,0.344628,0.000000,True
10,3,0.039390,0.028140,0.051120,-0.204231,-0.269092,-0.136246,0.000000,True,0.039869,0.028872,0.051464,-0.264259,-0.346004,-0.178914,0.000000,True
31,31,-0.002620,-0.003260,-0.001977,0.263908,0.187298,0.345130,0.000000,True,-0.006002,-0.007541,-0.004476,0.234700,0.142565,0.324661,0.000000,True
7,12,0.002460,-0.000378,0.005467,0.260695,0.151906,0.366008,0.000000,True,0.003427,0.000771,0.006119,0.263883,0.163422,0.363136,0.000000,True
30,5,0.000061,-0.000055,0.000187,0.263564,0.198218,0.337346,0.000000,True,-0.001471,-0.002163,-0.000887,0.018975,-0.065736,0.102054,0.795000,False
12,19,0.000156,-0.000599,0.000924,0.259171,0.182738,0.337637,0.000000,True,0.000187,-0.001088,0.001495,0.263461,0.166281,0.360145,0.000000,True
16,29,-0.000059,-0.000409,0.000291,0.263272,0.184678,0.345217,0.000000,True,-0.001138,-0.001936,-0.000309,0.262293,0.172230,0.350939,0.000000,True
2,17,0.000256,0.000145,0.000380,0.263090,0.193721,0.339746,0.000000,True,0.000616,0.000455,0.000791,0.256589,0.161357,0.347575,0.000000,True
18,21,0.000647,0.000172,0.001115,-0.101459,-0.168589,-0.033539,0.006000,False,0.001020,0.000438,0.001579,-0.262762,-0.358744,-0.169862,0.000000,True
13,11,0.003401,-0.000575,0.007078,0.262735,0.188808,0.336573,0.000000,True,0.004176,-0.001942,0.010564,0.257644,0.164461,0.349188,0.000000,True
0,22,-0.000591,-0.000595,-0.000586,-0.137930,-0.239828,-0.036558,0.000000,True,-0.000589,-0.000595,-0.000584,-0.262598,-0.359610,-0.164172,0.000000,True
12,0,0.012494,0.009045,0.016084,0.227548,0.131534,0.336244,0.000000,True,0.017703,0.013928,0.021470,0.262202,0.170418,0.365017,0.000000,True
8,23,-0.000855,-0.001418,-0.000267,0.262174,0.173325,0.349745,0.000000,True,-0.000999,-0.001852,-0.000110,0.238990,0.143082,0.333315,0.000000,True
25,10,0.001984,0.001597,0.002366,0.261900,0.176120,0.346216,0.000000,True,-0.001463,-0.002527,-0.000425,-0.126297,-0.222330,-0.034626,0.000000,True
4,25,0.002053,0.000711,0.003367,0.261857,0.167772,0.355352,0.000000,True,0.000351,-0.000734,0.001491,0.251678,0.153656,0.347670,0.000000,True
0,16,0.005149,0.004842,0.005448,0.261818,0.166276,0.355443,0.000000,True,0.005512,0.005193,0.005825,-0.249394,-0.343398,-0.152667,0.000000,True
8,10,0.004272,0.003440,0.005066,0.261755,0.167061,0.355217,0.000000,True,0.002591,0.001701,0.003431,-0.109060,-0.184160,-0.039200,0.001000,False
30,28,0.094036,0.082533,0.105740,0.261750,0.162007,0.363170,0.000000,True,0.094242,0.082833,0.105900,0.171087,0.059713,0.286892,0.000000,True
29,19,-0.000594,-0.001059,-0.000073,0.253071,0.164604,0.354665,0.000000,True,-0.001731,-0.002678,-0.000799,-0.261647,-0.364431,-0.146908,0.000000,True
7,1,-0.004126,-0.005687,-0.002489,0.219062,0.134604,0.300216,0.000000,True,-0.002669,-0.003978,-0.001303,0.261446,0.170828,0.352032,0.000000,True
29,1,-0.000334,-0.000470,-0.000198,0.261408,0.185638,0.346408,0.000000,True,-0.000625,-0.000807,-0.000441,-0.026821,-0.093711,0.041141,0.426000,False
3,30,-0.009402,-0.011187,-0.007791,0.184166,0.085990,0.272970,0.000000,True,-0.013927,-0.015580,-0.012222,0.260423,0.160642,0.357060,0.000000,True
18,7,-0.000061,-0.000179,0.000055,0.240965,0.163083,0.317920,0.000000,True,-0.000275,-0.000503,-0.000047,0.260156,0.156846,0.358099,0.000000,True
25,1,0.000869,0.000455,0.001304,0.260081,0.191306,0.336417,0.000000,True,0.000940,-0.000760,0.002592,-0.138176,-0.232313,-0.042470,0.000000,True
6,19,0.000276,-0.000387,0.000964,0.182682,0.076984,0.286086,0.000000,True,-0.000848,-0.001558,-0.000086,0.259953,0.165729,0.352378,0.000000,True
0,7,-0.001595,-0.001645,-0.001545,0.259649,0.164116,0.355912,0.000000,True,-0.001493,-0.001543,-0.001444,0.231607,0.134413,0.325165,0.000000,True
11,11,-0.002870,-0.004517,-0.001327,0.259423,0.157615,0.361147,0.000000,True,-0.004352,-0.006988,-0.001820,0.192098,0.099374,0.283489,0.000000,True
0,14,0.014799,0.014433,0.015153,0.230603,0.131426,0.319708,0.000000,True,0.015304,0.014923,0.015671,-0.259380,-0.354192,-0.163346,0.000000,True
3,28,-0.000901,-0.001834,-0.000002,0.214096,0.119238,0.303977,0.000000,True,-0.003538,-0.004312,-0.002818,0.259345,0.161189,0.354538,0.000000,True
7,7,0.006650,0.005166,0.008056,-0.200974,-0.269920,-0.133575,0.000000,True,0.005846,0.003953,0.007679,-0.259129,-0.351082,-0.165121,0.000000,True
10,18,0.062578,0.047800,0.077714,0.259030,0.150972,0.360701,0.000000,True,0.057736,0.043943,0.072552,0.253705,0.155791,0.349921,0.000000,True
20,17,0.000999,0.000710,0.001299,-0.039931,-0.122661,0.045640,0.239000,False,0.004390,0.002858,0.005995,-0.258781,-0.351458,-0.165713,0.000000,True
23,9,-0.002112,-0.002886,-0.001429,0.258619,0.178396,0.336202,0.000000,True,-0.002720,-0.003580,-0.001878,0.102940,0.023474,0.176790,0.002000,False
6,16,-0.000285,-0.000608,0.000025,0.258598,0.176748,0.344988,0.000000,True,-0.002657,-0.003261,-0.002068,0.256130,0.161022,0.349412,0.000000,True
3,16,-0.000199,-0.000308,-0.000112,0.228708,0.139733,0.314695,0.000000,True,-0.000798,-0.000929,-0.000679,0.258546,0.165580,0.349738,0.000000,True
0,21,0.000152,0.000143,0.000160,-0.203579,-0.322655,-0.081879,0.000000,True,0.000151,0.000143,0.000161,-0.258323,-0.338279,-0.181694,0.000000,True
16,15,-0.002464,-0.003513,-0.001447,0.258304,0.174136,0.335413,0.000000,True,-0.002923,-0.005046,-0.000875,0.237411,0.152766,0.315963,0.000000,True
6,9,0.004575,0.002946,0.006224,-0.235969,-0.301714,-0.170014,0.000000,True,0.002257,0.000598,0.003988,-0.258046,-0.342913,-0.174369,0.000000,True
9,17,0.005149,0.002963,0.007498,0.146260,0.057117,0.229032,0.000000,True,0.002639,0.000131,0.005235,-0.257722,-0.350970,-0.164662,0.000000,True
15,7,-0.001517,-0.002573,-0.000473,0.257558,0.172912,0.343073,0.000000,True,-0.003719,-0.005594,-0.001702,0.232277,0.138563,0.326481,0.000000,True
7,28,0.004621,0.002066,0.007084,0.257450,0.158034,0.353100,0.000000,True,0.004125,0.001957,0.006189,0.251398,0.155401,0.345468,0.000000,True
5,3,0.000286,-0.000989,0.001464,0.232320,0.137516,0.329122,0.000000,True,-0.000637,-0.001774,0.000421,0.257204,0.161975,0.353292,0.000000,True
23,7,0.047227,0.039393,0.054853,-0.130769,-0.208220,-0.049619,0.220000,False,0.046925,0.039516,0.054165,-0.257104,-0.332144,-0.179346,0.000000,True
1,9,-0.002121,-0.002421,-0.001814,-0.191511,-0.285865,-0.091593,0.000000,True,-0.001787,-0.002172,-0.001396,-0.257030,-0.348957,-0.160201,0.000000,True
2,26,-0.001400,-0.001680,-0.001108,0.054341,-0.027447,0.130692,0.105000,False,0.001071,0.000343,0.001897,0.256958,0.160011,0.352247,0.000000,True
14,0,-0.001660,-0.005581,0.001973,0.240669,0.156899,0.323696,0.000000,True,-0.004148,-0.010433,0.002350,0.256753,0.163773,0.347193,0.000000,True
21,9,0.003082,0.001776,0.004387,0.256702,0.197171,0.313464,0.000000,True,0.004302,0.002381,0.006161,0.239720,0.158952,0.313995,0.000000,True
15,17,-0.007133,-0.009304,-0.005096,0.014784,-0.057320,0.089136,0.720000,False,-0.009200,-0.012799,-0.005807,-0.256509,-0.344527,-0.161562,0.000000,True
9,16,0.008355,0.005035,0.011922,0.007863,-0.071992,0.092006,0.842000,False,0.009472,0.004967,0.014124,-0.256015,-0.346789,-0.166815,0.000000,True
4,5,0.003833,0.003146,0.004497,0.246968,0.151029,0.340550,0.000000,True,0.002953,0.002220,0.003683,0.255811,0.158463,0.351317,0.000000,True
16,13,-0.000512,-0.001519,0.000339,0.255457,0.169158,0.343777,0.000000,True,-0.002660,-0.004612,-0.000700,0.242046,0.155876,0.325979,0.000000,True
9,19,0.005421,0.003382,0.007636,0.087937,0.004511,0.164935,0.016000,False,0.002473,-0.000755,0.005580,-0.255393,-0.342308,-0.163266,0.000000,True
6,6,0.041090,0.031626,0.050514,-0.127257,-0.185531,-0.070940,0.000000,True,0.037952,0.029732,0.046143,-0.255171,-0.346284,-0.166363,0.000000,True
11,29,0.000936,0.000396,0.001431,0.161826,0.082669,0.233799,0.000000,True,-0.002372,-0.003595,-0.001105,-0.255068,-0.355489,-0.149076,0.000000,True
24,3,-0.001024,-0.003151,0.000755,0.254092,0.179995,0.337989,0.000000,True,-0.000855,-0.003326,0.001645,0.137986,0.062199,0.212047,0.000000,True
12,21,-0.001069,-0.002667,0.000526,0.253658,0.157563,0.347165,0.000000,True,-0.002520,-0.005356,0.000486,0.196565,0.101373,0.289022,0.000000,True
19,7,-0.003466,-0.004239,-0.002780,0.253621,0.173132,0.329390,0.000000,True,-0.002611,-0.003653,-0.001634,0.181875,0.096602,0.260573,0.000000,True
13,24,0.002424,0.001662,0.003254,0.218316,0.126179,0.306157,0.000000,True,0.003399,0.001674,0.005306,0.253468,0.155215,0.349523,0.000000,True
12,22,0.002491,0.001463,0.003658,0.253431,0.162763,0.342041,0.000000,True,0.002045,0.000138,0.004180,0.239450,0.142259,0.337385,0.000000,True
21,21,0.011534,0.008591,0.015003,-0.195409,-0.281602,-0.120893,0.000000,True,0.009360,0.006056,0.013476,-0.253245,-0.348737,-0.153195,0.000000,True
3,29,-0.001809,-0.003166,-0.000477,0.253145,0.155633,0.345101,0.000000,True,-0.003656,-0.004887,-0.002491,0.236751,0.139242,0.331635,0.000000,True
6,3,0.000699,0.000435,0.000987,-0.126163,-0.214863,-0.035855,0.000000,True,0.004414,0.002946,0.005926,0.252653,0.158382,0.344374,0.000000,True
8,28,-0.003413,-0.005212,-0.001716,0.093688,0.007920,0.178453,0.022000,False,-0.004302,-0.007149,-0.001546,-0.252595,-0.339352,-0.158732,0.000000,True
20,4,-0.000226,-0.000359,-0.000095,0.252346,0.172562,0.338214,0.000000,True,-0.001155,-0.001457,-0.000849,0.108389,0.022337,0.199102,0.001000,False
2,5,-0.002404,-0.003227,-0.001591,0.251999,0.152364,0.349081,0.000000,True,-0.002340,-0.003358,-0.001315,0.225553,0.126192,0.321516,0.000000,True
24,14,0.001220,0.000534,0.001840,0.235352,0.158807,0.311134,0.000000,True,-0.003686,-0.005432,-0.002121,0.251921,0.163681,0.335935,0.000000,True
30,0,-0.000799,-0.003235,0.001753,0.013455,-0.068433,0.090496,0.754000,False,-0.002430,-0.006254,0.001274,-0.251854,-0.343981,-0.158101,0.000000,True
17,0,0.004775,0.002567,0.007021,0.036732,-0.026386,0.105410,0.360000,False,0.003089,0.000187,0.005966,-0.251667,-0.320264,-0.184251,0.000000,True
5,21,0.000675,0.000525,0.000833,-0.062654,-0.146411,0.019580,0.060000,False,0.000361,0.000156,0.000570,-0.251594,-0.349886,-0.151601,0.000000,True
3,22,-0.000089,-0.001505,0.001379,-0.012947,-0.110862,0.077898,0.742000,False,-0.001304,-0.002549,-0.000063,-0.251265,-0.348570,-0.149988,0.000000,True
12,9,0.007397,0.001643,0.013089,0.171607,0.079321,0.259910,0.000000,True,0.005339,-0.000831,0.011773,0.250812,0.159255,0.340363,0.000000,True
14,21,-0.012408,-0.015324,-0.009552,0.204015,0.116844,0.289213,0.000000,True,-0.013800,-0.017857,-0.009582,0.250617,0.155898,0.341038,0.000000,True
10,29,-0.012771,-0.018506,-0.007527,-0.158763,-0.219495,-0.099518,0.000000,True,-0.017834,-0.023894,-0.011839,-0.250615,-0.328980,-0.171861,0.000000,True
12,25,0.003218,0.000063,0.006858,0.250583,0.152080,0.344782,0.000000,True,0.005437,0.001303,0.009867,0.226614,0.133450,0.318141,0.000000,True
9,0,0.002134,0.000848,0.003506,-0.062113,-0.155556,0.033584,0.071000,False,0.000472,-0.001432,0.002370,-0.250569,-0.337393,-0.160562,0.000000,True
28,16,0.005162,0.003752,0.006672,0.059944,-0.018842,0.139995,0.533000,False,0.003608,0.002229,0.005006,-0.250563,-0.346584,-0.164920,0.000000,True
8,18,0.003906,0.002169,0.005733,-0.109945,-0.179035,-0.035062,0.005000,False,0.003126,0.000798,0.005527,-0.250219,-0.348000,-0.150327,0.000000,True
0,1,0.002638,0.002550,0.002723,0.249046,0.157611,0.349315,0.000000,True,0.002395,0.002290,0.002494,0.222865,0.122129,0.319899,0.000000,True
2,16,0.003455,0.002676,0.004286,0.247433,0.158386,0.339223,0.000000,True,0.004619,0.003721,0.005555,0.248691,0.151818,0.342807,0.000000,True
12,23,0.003713,0.002087,0.005274,0.248689,0.141664,0.361008,0.000000,True,0.000629,-0.001740,0.003093,0.217175,0.124364,0.316627,0.000000,True
23,19,-0.004827,-0.005734,-0.003971,0.248638,0.170724,0.331630,0.000000,True,-0.009129,-0.011634,-0.006629,0.152087,0.076457,0.219984,0.000000,True
5,5,-0.000662,-0.002133,0.000768,-0.119092,-0.201420,-0.035971,0.000000,True,-0.001155,-0.003233,0.001031,-0.248552,-0.343402,-0.154712,0.000000,True
7,27,0.002936,0.002146,0.003763,-0.248414,-0.321719,-0.179618,0.000000,True,0.003139,0.001040,0.005494,-0.085999,-0.160801,-0.015124,0.016000,False
15,22,-0.000187,-0.005991,0.005643,0.248322,0.156372,0.336349,0.000000,True,-0.000433,-0.006184,0.005728,0.153290,0.070220,0.230611,0.000000,True
8,2,0.007604,0.005597,0.009735,-0.140546,-0.227440,-0.053438,0.000000,True,0.008274,0.005187,0.011555,-0.248229,-0.320062,-0.181336,0.000000,True
7,11,0.002291,-0.002267,0.006609,0.201933,0.110975,0.291844,0.000000,True,0.003094,-0.000984,0.006985,0.248118,0.151240,0.344810,0.000000,True
8,29,-0.000172,-0.002699,0.002103,-0.115448,-0.181947,-0.049379,0.000000,True,0.003431,0.001441,0.005416,-0.247974,-0.342389,-0.152182,0.000000,True
1,20,-0.000055,-0.000061,-0.000049,-0.000653,-0.060840,0.062932,0.984000,False,-0.000051,-0.000057,-0.000044,-0.247511,-0.341431,-0.147873,0.000000,True
12,20,0.000714,-0.000239,0.001671,0.247145,0.156208,0.340974,0.000000,True,-0.000022,-0.001321,0.001284,0.204173,0.110890,0.296746,0.000000,True
29,21,0.002472,0.001227,0.003724,-0.045075,-0.117697,0.028158,0.190000,False,0.012413,0.008811,0.015963,-0.247047,-0.343054,-0.152432,0.000000,True
4,4,-0.001649,-0.002888,-0.000595,0.221143,0.121350,0.318111,0.000000,True,-0.003454,-0.004652,-0.002400,0.246905,0.151724,0.341916,0.000000,True
2,28,-0.000247,-0.000386,-0.000112,0.246816,0.167744,0.332845,0.000000,True,0.000247,-0.000045,0.000562,0.238337,0.143006,0.329903,0.000000,True
15,8,-0.001919,-0.004820,0.001099,0.246636,0.141646,0.353070,0.000000,True,0.002895,-0.000567,0.006462,0.243556,0.150109,0.334951,0.000000,True
31,17,0.000057,-0.000106,0.000218,0.063747,-0.000009,0.125380,0.072000,False,0.000014,-0.000281,0.000305,-0.246407,-0.337588,-0.152120,0.000000,True
10,21,0.026717,0.021803,0.031978,0.246320,0.134209,0.360574,0.000000,True,0.034464,0.028065,0.040762,0.165456,0.071133,0.262920,0.000000,True
29,20,0.002681,0.001662,0.003707,-0.050023,-0.109181,0.015669,0.111000,False,0.012653,0.009896,0.015574,-0.246236,-0.342166,-0.155135,0.000000,True
3,6,0.000187,0.000152,0.000225,0.245840,0.153727,0.338439,0.000000,True,0.000238,0.000189,0.000289,0.212154,0.117297,0.302671,0.000000,True
3,5,0.000193,0.000124,0.000270,0.242769,0.143615,0.343133,0.000000,True,0.000215,0.000136,0.000304,0.245330,0.145706,0.339214,0.000000,True
16,14,-0.002844,-0.004056,-0.001625,0.245193,0.156183,0.332153,0.000000,True,-0.006414,-0.009711,-0.003239,0.225554,0.136015,0.311108,0.000000,True
2,0,-0.001845,-0.002020,-0.001665,0.245021,0.145770,0.339776,0.000000,True,-0.001862,-0.002043,-0.001675,0.218708,0.123313,0.311395,0.000000,True
31,1,0.000599,-0.000261,0.001518,0.193420,0.117642,0.266762,0.000000,True,0.005931,0.002735,0.009176,0.244930,0.166941,0.320740,0.000000,True
22,4,0.001950,0.001172,0.002680,0.244888,0.160338,0.329612,0.000000,True,0.003492,0.001643,0.005344,0.160537,0.075031,0.237299,0.000000,True
10,27,0.029443,0.022984,0.036203,0.244699,0.140808,0.347724,0.000000,True,0.024511,0.018168,0.031118,0.182170,0.084720,0.277202,0.000000,True
30,19,-0.004694,-0.005533,-0.003835,0.244524,0.168075,0.320384,0.000000,True,-0.005016,-0.006243,-0.003831,0.113197,0.042188,0.179548,0.000000,True
16,30,-0.000636,-0.001666,0.000345,0.244514,0.161297,0.326615,0.000000,True,0.000665,-0.000681,0.002063,0.205644,0.118280,0.290851,0.000000,True
24,0,-0.001948,-0.002494,-0.001411,0.244399,0.166450,0.320348,0.000000,True,-0.003761,-0.004866,-0.002635,-0.194513,-0.282404,-0.103051,0.000000,True
27,17,-0.000296,-0.000388,-0.000206,0.135785,0.064759,0.211208,0.000000,True,-0.000301,-0.000562,-0.000029,-0.244215,-0.341157,-0.145381,0.000000,True
0,23,0.013524,0.012873,0.014203,0.244057,0.146849,0.338877,0.000000,True,0.013241,0.012619,0.013893,0.200491,0.110192,0.289799,0.000000,True
16,12,-0.000009,-0.001183,0.001076,0.244022,0.154346,0.332031,0.000000,True,-0.003831,-0.006232,-0.001397,0.231350,0.140168,0.316794,0.000000,True
6,5,0.003937,0.003091,0.004828,0.184552,0.082697,0.284328,0.000000,True,0.004014,0.002449,0.005598,0.243693,0.143104,0.341797,0.000000,True
6,27,0.001950,0.001460,0.002398,0.154426,0.057238,0.251718,0.000000,True,0.000842,0.000168,0.001504,0.243635,0.160533,0.325820,0.000000,True
14,27,0.000699,-0.000269,0.001623,0.243526,0.158629,0.323687,0.000000,True,-0.005650,-0.007640,-0.003573,0.184107,0.093545,0.272081,0.000000,True
12,30,0.000897,-0.000661,0.002440,0.243448,0.154197,0.334035,0.000000,True,0.001342,-0.000544,0.003306,0.234810,0.144889,0.324317,0.000000,True
6,13,0.001806,0.000827,0.002769,0.218044,0.123592,0.310289,0.000000,True,0.001248,0.000380,0.002060,0.242898,0.144238,0.338825,0.000000,True
5,16,0.007523,0.004606,0.011150,0.242775,0.150095,0.341817,0.000000,True,0.007717,0.004876,0.011137,0.237603,0.147751,0.331504,0.000000,True
23,29,-0.000125,-0.000266,0.000029,0.242034,0.169411,0.314266,0.000000,True,-0.000530,-0.000805,-0.000255,0.212503,0.133474,0.285325,0.000000,True
5,8,-0.000197,-0.000437,0.000044,-0.160918,-0.254669,-0.073234,0.000000,True,-0.001486,-0.001890,-0.001119,-0.241924,-0.340835,-0.144481,0.000000,True
8,16,0.001345,0.000707,0.001954,0.241750,0.138238,0.339893,0.000000,True,0.000006,-0.001404,0.001439,0.240185,0.137644,0.337541,0.000000,True
1,22,-0.001478,-0.001726,-0.001240,-0.118923,-0.200598,-0.036523,0.018000,False,-0.001558,-0.001859,-0.001246,-0.241544,-0.335695,-0.144929,0.000000,True
8,31,0.022080,0.017213,0.027267,-0.150321,-0.225927,-0.074949,0.000000,True,0.020943,0.016035,0.026016,-0.241362,-0.329223,-0.149824,0.000000,True
10,0,-0.002119,-0.003209,-0.001047,0.241077,0.156450,0.326053,0.000000,True,-0.003482,-0.005015,-0.001983,0.231410,0.148185,0.315432,0.000000,True
19,4,-0.003186,-0.004228,-0.002203,0.011342,-0.051633,0.075119,0.864000,False,-0.004939,-0.006475,-0.003393,-0.240544,-0.337024,-0.137786,0.000000,True
0,20,0.015724,0.015119,0.016347,0.240509,0.147404,0.327669,0.000000,True,0.010204,0.009829,0.010587,0.235757,0.139436,0.331016,0.000000,True
17,5,-0.001419,-0.002747,0.000017,0.225336,0.156534,0.293389,0.000000,True,0.003167,0.000100,0.006188,0.240266,0.157253,0.321335,0.000000,True
24,4,-0.000854,-0.001309,-0.000409,0.240020,0.179540,0.302738,0.000000,True,-0.008507,-0.010502,-0.006368,-0.238209,-0.341997,-0.123517,0.000000,True
31,0,0.000655,-0.000959,0.002189,0.177027,0.111736,0.243385,0.000000,True,0.002058,-0.001348,0.005320,0.239947,0.161305,0.318062,0.000000,True
10,5,-0.002094,-0.002748,-0.001464,-0.131274,-0.204532,-0.056506,0.000000,True,0.000889,-0.000379,0.002172,-0.239859,-0.332459,-0.143274,0.000000,True
2,27,-0.000979,-0.001178,-0.000794,0.224436,0.131245,0.316258,0.000000,True,-0.000778,-0.000914,-0.000638,0.239403,0.140452,0.335814,0.000000,True
24,2,-0.000300,-0.000660,0.000007,0.239187,0.144707,0.328753,0.000000,True,-0.002219,-0.003244,-0.001268,-0.220082,-0.319018,-0.125857,0.000000,True
5,13,-0.005217,-0.005851,-0.004562,0.239076,0.160427,0.322262,0.000000,True,-0.007047,-0.007861,-0.006223,0.232945,0.141166,0.322135,0.000000,True
6,7,0.018423,0.012789,0.023948,0.238862,0.130466,0.341398,0.000000,True,0.019667,0.014959,0.024339,0.236720,0.134175,0.335108,0.000000,True
20,19,0.000010,-0.000059,0.000081,-0.149387,-0.225077,-0.075544,0.000000,True,-0.000122,-0.000665,0.000417,-0.238613,-0.332354,-0.144627,0.000000,True
19,16,0.000316,-0.000013,0.000655,0.137132,0.064276,0.211759,0.000000,True,0.000797,-0.000005,0.001705,-0.238568,-0.336768,-0.135627,0.000000,True
3,9,-0.000370,-0.000533,-0.000210,0.141064,0.050117,0.222769,0.000000,True,-0.001850,-0.002408,-0.001311,0.238423,0.142835,0.332332,0.000000,True
31,23,0.000831,0.000613,0.001052,0.238124,0.152916,0.337625,0.000000,True,0.000871,0.000618,0.001126,0.165521,0.083689,0.255266,0.000000,True
22,6,0.002839,0.001710,0.004036,-0.092166,-0.150475,-0.044606,0.018000,False,-0.021636,-0.025712,-0.017528,-0.237959,-0.342172,-0.127760,0.000000,True
10,8,-0.004293,-0.006041,-0.002594,0.237745,0.146320,0.327374,0.000000,True,-0.006180,-0.008597,-0.003715,0.155815,0.074492,0.234673,0.000000,True
13,22,-0.012072,-0.017586,-0.006557,0.237735,0.126078,0.344427,0.000000,True,-0.016157,-0.021970,-0.010128,0.227966,0.122978,0.330851,0.000000,True
18,5,0.001350,0.000434,0.002409,-0.084890,-0.166554,0.005814,0.331000,False,0.000712,-0.000323,0.001859,-0.237607,-0.345312,-0.130040,0.000000,True
5,22,0.001402,0.000742,0.002144,-0.237398,-0.324061,-0.153222,0.000000,True,-0.002474,-0.003831,-0.000968,0.193652,0.087968,0.297989,0.000000,True
19,31,-0.000568,-0.000740,-0.000405,0.189336,0.113420,0.265381,0.000000,True,-0.001561,-0.002043,-0.001054,-0.237381,-0.338071,-0.128649,0.000000,True
30,7,-0.000594,-0.000806,-0.000368,0.237351,0.165830,0.314850,0.000000,True,-0.003332,-0.003938,-0.002760,-0.217279,-0.330142,-0.090167,0.000000,True
18,13,-0.000445,-0.000625,-0.000279,0.007946,-0.064276,0.069756,0.838000,False,-0.000042,-0.000399,0.000337,-0.237037,-0.318567,-0.155640,0.000000,True
31,4,-0.000237,-0.000473,-0.000004,0.163735,0.097516,0.229079,0.000000,True,0.000124,-0.000742,0.000971,-0.236970,-0.324885,-0.145633,0.000000,True
1,15,-0.003900,-0.004998,-0.002820,0.180273,0.083353,0.269307,0.000000,True,0.001808,0.000751,0.002884,0.236933,0.140899,0.330150,0.000000,True
1,12,-0.002711,-0.004667,-0.000646,0.236560,0.121895,0.342546,0.000000,True,-0.001595,-0.003561,0.000484,-0.231475,-0.320057,-0.139733,0.000000,True
3,2,0.001355,0.000614,0.002162,0.236458,0.128983,0.339287,0.000000,True,0.000555,-0.000183,0.001354,0.224160,0.125937,0.321413,0.000000,True
4,7,-0.000037,-0.000849,0.000763,0.211430,0.114553,0.305226,0.000000,True,-0.001485,-0.002472,-0.000508,0.236416,0.140754,0.329887,0.000000,True
25,7,0.035128,0.030095,0.040112,-0.147765,-0.215066,-0.067020,0.015000,False,0.036204,0.031969,0.040444,-0.236245,-0.309346,-0.168256,0.000000,True
21,16,0.000736,0.000513,0.000949,0.235924,0.157054,0.317151,0.000000,True,0.000998,0.000675,0.001295,0.076954,-0.007081,0.159126,0.015000,False
3,1,0.000990,-0.000159,0.002202,-0.053481,-0.174716,0.061668,0.497000,False,-0.004084,-0.005322,-0.002832,-0.235585,-0.334769,-0.134442,0.000000,True
5,12,-0.001681,-0.002978,-0.000235,0.014101,-0.065966,0.090377,0.688000,False,-0.002363,-0.003775,-0.000845,0.235552,0.137036,0.332267,0.000000,True
9,26,-0.004992,-0.006188,-0.003796,0.229998,0.142668,0.318789,0.000000,True,-0.005433,-0.006968,-0.003928,0.235190,0.148243,0.322961,0.000000,True
5,25,0.002440,0.001288,0.003605,0.178406,0.079001,0.282194,0.000000,True,0.001646,0.000539,0.002838,0.235038,0.134267,0.336206,0.000000,True
5,6,0.006693,0.005687,0.007771,-0.234873,-0.315240,-0.159517,0.000000,True,0.007779,0.006372,0.009201,0.194426,0.090382,0.295951,0.000000,True
4,15,-0.010102,-0.012313,-0.008039,0.159914,0.057985,0.251886,0.000000,True,-0.012752,-0.014531,-0.011033,0.234712,0.138101,0.329155,0.000000,True
7,30,0.004023,0.001459,0.006297,0.234645,0.145112,0.322391,0.000000,True,0.003674,0.001011,0.006159,0.026471,-0.047513,0.095905,0.450000,False
4,29,-0.000099,-0.000204,0.000003,-0.185743,-0.262513,-0.105346,0.000000,True,0.000083,-0.000210,0.000351,-0.234483,-0.328834,-0.138084,0.000000,True
1,2,-0.002035,-0.002322,-0.001741,-0.138940,-0.241991,-0.043179,0.000000,True,0.001406,0.000804,0.002030,-0.234379,-0.328673,-0.137630,0.000000,True
7,9,-0.002599,-0.004120,-0.001107,0.232270,0.150955,0.309488,0.000000,True,-0.005775,-0.007998,-0.003472,0.234220,0.139506,0.326863,0.000000,True
11,6,0.010874,0.007783,0.014208,-0.217606,-0.293847,-0.137651,0.000000,True,0.003132,-0.000527,0.007012,-0.234084,-0.311905,-0.154387,0.000000,True
26,28,0.006964,0.005843,0.008120,0.068773,-0.007785,0.147088,0.194000,False,0.005358,0.003968,0.006823,-0.233804,-0.330197,-0.143271,0.000000,True
4,2,-0.005567,-0.007273,-0.003989,0.215624,0.110118,0.317214,0.000000,True,-0.010007,-0.011872,-0.008145,0.233747,0.137459,0.326841,0.000000,True
8,20,-0.000071,-0.000874,0.000711,0.215119,0.126510,0.301131,0.000000,True,-0.000518,-0.001924,0.000852,0.233517,0.138268,0.325257,0.000000,True
15,27,-0.012341,-0.017350,-0.007660,0.233418,0.154710,0.317091,0.000000,True,-0.015171,-0.019978,-0.010509,0.175177,0.087925,0.261139,0.000000,True
5,17,0.013197,0.010116,0.016338,0.118490,0.014831,0.211682,0.000000,True,0.012994,0.009745,0.016259,-0.233113,-0.313897,-0.153211,0.000000,True
17,14,0.002171,0.000450,0.003943,-0.037348,-0.116753,0.052064,0.342000,False,0.002524,-0.000711,0.005701,-0.233106,-0.307222,-0.160343,0.000000,True
17,19,-0.001477,-0.001766,-0.001186,0.119513,0.053674,0.182388,0.001000,False,-0.005362,-0.007488,-0.003332,-0.232955,-0.324616,-0.137235,0.000000,True
2,3,-0.001094,-0.001559,-0.000631,0.188499,0.098062,0.282625,0.000000,True,-0.001362,-0.001777,-0.000939,-0.232914,-0.320647,-0.143580,0.000000,True
21,7,-0.000040,-0.000258,0.000154,0.232859,0.152461,0.313581,0.000000,True,0.000379,0.000038,0.000704,0.173434,0.094128,0.252244,0.000000,True
1,8,-0.003131,-0.003617,-0.002665,0.129232,0.031895,0.219121,0.000000,True,-0.000765,-0.001408,-0.000104,0.232521,0.134462,0.327800,0.000000,True
21,20,0.002574,0.001616,0.003599,-0.093959,-0.153029,-0.032985,0.005000,False,-0.001863,-0.003653,-0.000216,-0.232410,-0.335003,-0.124684,0.000000,True
4,21,0.004092,0.003620,0.004581,0.108572,0.018787,0.204814,0.026000,False,0.002909,0.001455,0.004556,-0.232307,-0.326068,-0.136454,0.000000,True
15,24,0.005094,0.003819,0.006306,0.232242,0.143510,0.315215,0.000000,True,0.006618,0.004881,0.008207,0.161598,0.074456,0.242154,0.000000,True
15,29,-0.025137,-0.031742,-0.018968,0.100383,0.018598,0.181524,0.002000,False,-0.034374,-0.043501,-0.025347,0.232062,0.142258,0.320065,0.000000,True
10,7,0.001046,0.000241,0.001979,-0.174750,-0.250830,-0.091101,0.000000,True,0.004866,0.002895,0.007014,-0.231513,-0.328193,-0.128845,0.000000,True
5,18,0.015267,0.010484,0.020291,-0.201590,-0.289186,-0.103332,0.000000,True,0.012736,0.008351,0.017162,-0.231442,-0.326035,-0.130738,0.000000,True
8,30,0.009371,0.007726,0.011026,0.231084,0.137433,0.324485,0.000000,True,0.007755,0.005923,0.009588,-0.049616,-0.115914,0.013904,0.135000,False
28,30,-0.002150,-0.005660,0.001411,0.138756,0.080338,0.207358,0.000000,True,0.001465,-0.007235,0.009758,0.230974,0.169074,0.300105,0.000000,True
19,28,-0.000503,-0.000706,-0.000316,0.169612,0.077958,0.249481,0.000000,True,-0.001114,-0.001530,-0.000703,-0.230957,-0.342142,-0.114773,0.000000,True
4,9,0.001186,0.000346,0.001843,0.230412,0.130877,0.327205,0.000000,True,0.000896,0.000049,0.001598,0.166962,0.073914,0.257605,0.000000,True
13,7,-0.013500,-0.017026,-0.009859,0.181470,0.091877,0.268870,0.000000,True,-0.012029,-0.015520,-0.008273,0.230291,0.136905,0.320346,0.000000,True
31,18,-0.000481,-0.000612,-0.000351,0.230205,0.157817,0.305525,0.000000,True,-0.000649,-0.000874,-0.000424,0.181233,0.104757,0.257516,0.000000,True
27,1,0.003441,0.002844,0.004056,0.229920,0.152575,0.312906,0.000000,True,0.002729,0.001189,0.004212,-0.063412,-0.128345,-0.012739,0.120000,False
5,23,0.001076,0.000775,0.001412,0.101325,0.012735,0.189075,0.003000,False,0.000855,0.000248,0.001485,0.229474,0.136422,0.313427,0.000000,True
15,10,-0.003429,-0.005492,-0.001579,0.211667,0.123092,0.298224,0.000000,True,-0.005214,-0.008244,-0.002502,0.229450,0.139681,0.315848,0.000000,True
12,15,0.002592,0.000554,0.004658,0.229109,0.146944,0.311328,0.000000,True,-0.003691,-0.007456,-0.000103,0.140151,0.057245,0.222477,0.000000,True
4,19,-0.002775,-0.003798,-0.001780,-0.198738,-0.287859,-0.108693,0.000000,True,-0.005166,-0.006218,-0.004167,-0.228962,-0.316731,-0.139470,0.000000,True
7,17,0.013799,0.008411,0.019498,0.228755,0.112622,0.341252,0.000000,True,0.014557,0.008816,0.020696,0.222385,0.116587,0.328088,0.000000,True
6,24,0.000035,-0.000277,0.000384,-0.115581,-0.197958,-0.028377,0.000000,True,-0.002541,-0.003013,-0.002078,-0.228664,-0.320245,-0.135043,0.000000,True
6,23,0.000674,-0.000861,0.002135,0.219041,0.115955,0.314558,0.000000,True,-0.000191,-0.001561,0.001060,0.228570,0.131382,0.322667,0.000000,True
14,23,-0.037695,-0.048828,-0.026948,0.188426,0.102761,0.270186,0.000000,True,-0.032643,-0.043004,-0.022200,0.228236,0.138454,0.313897,0.000000,True
5,10,-0.000073,-0.000108,-0.000035,-0.103836,-0.212853,-0.005744,0.014000,False,-0.000248,-0.000299,-0.000197,-0.228054,-0.329270,-0.127199,0.000000,True
5,15,-0.005408,-0.006992,-0.003716,0.120496,0.033931,0.200185,0.000000,True,-0.006447,-0.007579,-0.005214,0.228023,0.131886,0.322030,0.000000,True
3,0,0.004637,0.003388,0.005880,-0.209014,-0.297349,-0.115907,0.000000,True,0.001737,0.000362,0.003122,-0.228021,-0.303015,-0.147229,0.000000,True
3,31,-0.002715,-0.003335,-0.002167,0.208431,0.109282,0.300552,0.000000,True,-0.004450,-0.005091,-0.003859,0.227970,0.131258,0.321744,0.000000,True
6,12,-0.000172,-0.000878,0.000547,0.227659,0.129525,0.325099,0.000000,True,-0.002274,-0.003075,-0.001487,0.225484,0.130026,0.318451,0.000000,True
10,16,0.000440,-0.000261,0.001103,0.205948,0.097789,0.310160,0.000000,True,0.000135,-0.000823,0.001061,0.227339,0.125147,0.323617,0.000000,True
25,30,-0.000188,-0.000282,-0.000095,0.227194,0.150579,0.300303,0.000000,True,-0.000111,-0.000296,0.000081,0.078339,-0.014160,0.152071,0.020000,False
5,31,-0.001827,-0.003898,0.000267,0.199417,0.109401,0.286186,0.000000,True,-0.002363,-0.003937,-0.000762,0.227046,0.131959,0.320701,0.000000,True
23,8,-0.007843,-0.008831,-0.006827,0.226953,0.142744,0.308144,0.000000,True,-0.006942,-0.008360,-0.005452,0.002196,-0.063253,0.068146,0.946000,False
8,21,-0.000314,-0.000596,-0.000007,0.199782,0.106019,0.294547,0.000000,True,-0.001369,-0.002065,-0.000688,0.226680,0.130624,0.321249,0.000000,True
7,22,-0.004070,-0.005567,-0.002683,-0.168324,-0.247982,-0.088661,0.000000,True,-0.006081,-0.007423,-0.004791,-0.226534,-0.319526,-0.133661,0.000000,True
7,23,0.000787,-0.000859,0.002360,0.173244,0.090961,0.252376,0.000000,True,0.001402,-0.000729,0.003602,0.226347,0.136415,0.314276,0.000000,True
2,13,-0.001601,-0.001962,-0.001258,0.176950,0.077951,0.271660,0.000000,True,0.000946,0.000332,0.001567,0.226169,0.127587,0.321735,0.000000,True
10,4,-0.000719,-0.002594,0.001232,0.226108,0.138406,0.317598,0.000000,True,-0.001831,-0.003957,0.000433,0.131302,0.069826,0.197019,0.000000,True
27,16,-0.038011,-0.050707,-0.027380,0.225735,0.135407,0.316720,0.000000,True,-0.024762,-0.037650,-0.013226,0.197718,0.113340,0.279612,0.000000,True
10,24,0.007123,0.004637,0.009617,0.225691,0.128391,0.320697,0.000000,True,0.002322,-0.001103,0.005483,0.098050,0.012319,0.183174,0.000000,True
25,27,-0.000310,-0.000469,-0.000146,0.225521,0.142910,0.309274,0.000000,True,0.000116,-0.000249,0.000495,0.052820,-0.037433,0.137490,0.127000,False
7,18,0.006358,0.002596,0.010617,0.225458,0.106213,0.340625,0.000000,True,0.011163,0.006609,0.016095,0.203540,0.092050,0.312410,0.000000,True
5,0,0.001201,0.000654,0.001743,0.039288,-0.054543,0.133654,0.219000,False,-0.001665,-0.002795,-0.000639,0.225118,0.124736,0.323213,0.000000,True
0,2,-0.000219,-0.000246,-0.000192,0.225025,0.128508,0.322724,0.000000,True,-0.000219,-0.000246,-0.000192,0.075760,0.012214,0.133410,0.020000,False
9,27,0.030307,0.023205,0.037172,-0.148702,-0.219700,-0.079649,0.000000,True,0.025545,0.017717,0.032921,-0.224611,-0.317666,-0.127511,0.000000,True
16,28,-0.005214,-0.006973,-0.003460,0.224608,0.129204,0.318231,0.000000,True,-0.008836,-0.011979,-0.005731,0.190757,0.101651,0.273729,0.000000,True
10,31,-0.009258,-0.015008,-0.004281,-0.123785,-0.198813,-0.043530,0.000000,True,-0.011613,-0.016776,-0.007139,-0.224412,-0.314196,-0.128596,0.000000,True
19,17,-0.000250,-0.000386,-0.000121,0.198076,0.116593,0.284485,0.000000,True,0.000244,-0.000613,0.001080,-0.224373,-0.325729,-0.121766,0.000000,True
2,9,0.000177,-0.000133,0.000529,0.224040,0.174741,0.305064,0.000000,True,0.000410,0.000092,0.000774,0.187241,0.104800,0.265081,0.000000,True
5,28,-0.003022,-0.003794,-0.002300,0.180521,0.083290,0.274629,0.000000,True,-0.006163,-0.007071,-0.005250,0.223821,0.125882,0.320119,0.000000,True
14,6,0.002024,-0.000667,0.005087,0.223804,0.144772,0.302310,0.000000,True,0.005474,0.001275,0.009951,0.172268,0.084133,0.254854,0.000000,True
12,16,0.001080,-0.000251,0.002534,0.194331,0.120436,0.273303,0.000000,True,-0.000804,-0.003109,0.001661,0.223598,0.132266,0.318458,0.000000,True
13,12,-0.003950,-0.006057,-0.001937,0.223412,0.150706,0.296281,0.000000,True,-0.008844,-0.013589,-0.004198,0.160809,0.076274,0.244036,0.000000,True
3,3,-0.000082,-0.000300,0.000145,0.223310,0.136453,0.299473,0.000000,True,-0.002943,-0.003224,-0.002660,0.209936,0.121992,0.295904,0.000000,True
4,22,0.000442,0.000082,0.000807,0.150802,0.054948,0.239285,0.000000,True,0.000887,0.000497,0.001291,0.223169,0.128911,0.315589,0.000000,True
1,23,0.000102,0.000025,0.000179,-0.059042,-0.133590,0.010055,0.085000,False,0.001155,0.001047,0.001267,0.223078,0.126403,0.314493,0.000000,True
26,8,0.004272,0.003276,0.005334,0.222930,0.116152,0.330756,0.000000,True,0.003466,0.002647,0.004369,0.029895,-0.035865,0.099014,0.415000,False
15,4,-0.002682,-0.006577,0.001136,0.165216,0.089820,0.244851,0.000000,True,-0.008700,-0.012046,-0.005341,0.222909,0.129584,0.313262,0.000000,True
6,29,0.002860,-0.000463,0.006326,0.141157,0.059149,0.219226,0.000000,True,-0.001874,-0.004041,0.000240,0.222368,0.126623,0.314310,0.000000,True
28,0,-0.023826,-0.028708,-0.019026,0.222343,0.136556,0.308615,0.000000,True,0.000819,-0.006698,0.007783,0.147719,0.064670,0.229088,0.000000,True
14,2,-0.002688,-0.006123,0.000645,0.194785,0.125202,0.263915,0.000000,True,-0.006866,-0.012594,-0.001019,0.222336,0.133515,0.308141,0.000000,True
12,28,0.002830,-0.000240,0.005771,0.222004,0.134620,0.308100,0.000000,True,0.002495,-0.000832,0.005679,0.211422,0.121185,0.302213,0.000000,True
6,0,0.006070,0.003610,0.008507,0.140687,0.042064,0.235794,0.000000,True,0.004838,0.002891,0.006813,0.221945,0.124495,0.316525,0.000000,True
30,22,-0.002762,-0.003284,-0.002259,0.202695,0.117991,0.287856,0.000000,True,-0.003331,-0.004500,-0.002263,0.221786,0.141830,0.302219,0.000000,True
9,6,0.000710,0.000465,0.000977,-0.045025,-0.119218,0.027584,0.181000,False,-0.000493,-0.001024,0.000176,-0.221728,-0.319938,-0.121289,0.000000,True
7,8,0.012450,0.009400,0.015647,0.221448,0.119955,0.320918,0.000000,True,0.014647,0.011606,0.017609,0.215985,0.116544,0.312026,0.000000,True
10,20,0.046951,0.034958,0.058307,0.221331,0.110798,0.323684,0.000000,True,0.051754,0.037733,0.065667,0.205605,0.102492,0.303531,0.000000,True
9,30,-0.005525,-0.007353,-0.003640,0.221220,0.123409,0.315775,0.000000,True,-0.007095,-0.009271,-0.004848,0.160313,0.072072,0.246249,0.000000,True
2,4,-0.004720,-0.005107,-0.004335,0.171978,0.076268,0.262824,0.000000,True,-0.004286,-0.004900,-0.003641,0.221179,0.123947,0.315633,0.000000,True
5,29,-0.002408,-0.003745,-0.001153,0.191958,0.097744,0.280764,0.000000,True,-0.004608,-0.005650,-0.003679,0.221149,0.124857,0.314545,0.000000,True
10,19,0.006531,0.001771,0.011259,-0.093466,-0.172689,-0.015022,0.013000,False,0.007065,0.001102,0.012759,-0.220895,-0.307075,-0.133663,0.000000,True
5,30,-0.002420,-0.003404,-0.001416,0.146579,0.048872,0.240116,0.000000,True,-0.004274,-0.005373,-0.003133,0.220221,0.123628,0.314696,0.000000,True
1,31,0.001510,0.001176,0.001851,0.186030,0.087422,0.279484,0.000000,True,0.001517,0.001178,0.001864,0.220198,0.122844,0.314141,0.000000,True
15,6,0.000393,-0.000165,0.000929,0.219360,0.127087,0.305373,0.000000,True,0.001978,0.000956,0.002959,0.200917,0.108960,0.290224,0.000000,True
5,27,0.004084,0.002847,0.005441,0.219338,0.117683,0.315010,0.000000,True,0.002554,0.001348,0.003950,0.195172,0.098858,0.287228,0.000000,True
5,4,-0.003319,-0.004775,-0.001943,0.044280,-0.039140,0.122245,0.209000,False,-0.004966,-0.006581,-0.003350,0.219297,0.118376,0.319096,0.000000,True
2,24,-0.008238,-0.009387,-0.007062,0.186139,0.099317,0.271302,0.000000,True,-0.006455,-0.007494,-0.005393,0.219011,0.124478,0.313230,0.000000,True
26,21,-0.013794,-0.017938,-0.010094,0.218645,0.135509,0.308529,0.000000,True,-0.007313,-0.011609,-0.003078,0.204979,0.122074,0.287170,0.000000,True
2,11,-0.000507,-0.000651,-0.000365,0.206716,0.112286,0.295461,0.000000,True,-0.000144,-0.000414,0.000145,0.218616,0.123648,0.308833,0.000000,True
4,16,0.001165,0.000879,0.001480,-0.218514,-0.318078,-0.112028,0.000000,True,-0.003645,-0.005133,-0.002215,0.056798,-0.022330,0.133833,0.099000,False
2,12,-0.000612,-0.000781,-0.000450,0.022075,-0.057014,0.096012,0.486000,False,-0.000010,-0.000209,0.000187,0.218137,0.118639,0.315079,0.000000,True
14,18,-0.006671,-0.011981,-0.001443,-0.004238,-0.084428,0.076897,0.864000,False,-0.009030,-0.014867,-0.003242,0.217739,0.123335,0.307706,0.000000,True
7,14,0.005840,0.004070,0.007703,0.209386,0.122447,0.292467,0.000000,True,0.005747,0.003860,0.007754,0.217602,0.125796,0.305320,0.000000,True
15,5,-0.008040,-0.011847,-0.004438,0.158149,0.080845,0.236473,0.000000,True,-0.012233,-0.017409,-0.006820,0.217183,0.129356,0.300487,0.000000,True
12,17,0.000372,-0.000267,0.001009,0.217118,0.123834,0.307650,0.000000,True,-0.001093,-0.002335,0.000167,0.214322,0.115815,0.319582,0.000000,True
31,16,0.001256,0.000467,0.002165,-0.067736,-0.177398,-0.019844,0.054000,False,0.001693,0.000803,0.002571,-0.216688,-0.327268,-0.126380,0.000000,True
20,18,0.000321,0.000103,0.000529,-0.192222,-0.256127,-0.132563,0.000000,True,-0.000121,-0.000902,0.000654,-0.216230,-0.317496,-0.112279,0.000000,True
6,1,0.000541,-0.000123,0.001194,0.150395,0.055247,0.241974,0.000000,True,-0.002374,-0.003112,-0.001685,0.215970,0.120215,0.309162,0.000000,True
4,20,0.000754,0.000120,0.001314,-0.215629,-0.280877,-0.157834,0.000000,True,-0.000426,-0.001122,0.000184,-0.213073,-0.295482,-0.128476,0.000000,True
29,14,-0.000748,-0.000880,-0.000615,0.215223,0.166768,0.263883,0.000000,True,-0.001737,-0.002311,-0.001213,-0.208178,-0.316313,-0.122154,0.000000,True
7,3,0.002510,0.001889,0.003129,-0.135787,-0.213674,-0.060941,0.000000,True,0.001539,0.000327,0.002742,-0.214920,-0.316044,-0.111190,0.000000,True
12,12,0.000475,0.000310,0.000642,0.214457,0.129952,0.300949,0.000000,True,0.000939,0.000609,0.001234,0.210848,0.118533,0.303146,0.000000,True
14,25,0.004340,0.000917,0.008176,0.085640,-0.012655,0.183682,0.005000,False,-0.002650,-0.008018,0.003157,-0.214193,-0.325601,-0.098674,0.000000,True
1,26,-0.000136,-0.000152,-0.000121,0.213975,0.120288,0.300188,0.000000,True,-0.000120,-0.000135,-0.000105,0.036861,-0.056383,0.136269,0.288000,False
3,18,0.000001,-0.000009,0.000010,0.213845,0.128307,0.298254,0.000000,True,-0.000003,-0.000012,0.000007,-0.060404,-0.116590,0.003070,0.068000,False
26,18,-0.006123,-0.007292,-0.005126,-0.071300,-0.188055,0.030711,0.031000,False,-0.009749,-0.011743,-0.007901,-0.213704,-0.301506,-0.122505,0.000000,True
8,6,-0.003957,-0.004825,-0.003188,0.196464,0.113296,0.278032,0.000000,True,-0.005008,-0.006540,-0.003582,0.213488,0.125522,0.300331,0.000000,True
21,10,0.000458,0.000209,0.000694,0.208493,0.137518,0.289296,0.000000,True,0.000391,-0.000170,0.000982,0.213461,0.135912,0.282944,0.000000,True
17,4,-0.015343,-0.021513,-0.010175,0.113412,0.038158,0.194837,0.000000,True,-0.005255,-0.011905,0.000648,0.213216,0.124018,0.300283,0.000000,True
23,16,-0.000351,-0.000535,-0.000197,0.213143,0.130102,0.311408,0.000000,True,-0.000331,-0.000718,0.000012,0.129642,0.059805,0.191609,0.000000,True
13,10,0.006810,0.003728,0.009771,0.174713,0.091889,0.254313,0.000000,True,0.004530,-0.000286,0.009250,0.212959,0.125918,0.298598,0.000000,True
26,7,0.015349,0.010795,0.019904,-0.078981,-0.136153,-0.020352,0.063000,False,0.008359,0.004377,0.012612,-0.212781,-0.305237,-0.118361,0.000000,True
12,26,0.003497,-0.001071,0.008643,0.210318,0.104337,0.313489,0.000000,True,0.007039,0.001294,0.013408,0.212670,0.118053,0.307926,0.000000,True
10,1,-0.036279,-0.047761,-0.025719,0.212576,0.121041,0.302097,0.000000,True,-0.042027,-0.054720,-0.030012,0.191310,0.111445,0.274260,0.000000,True
12,2,-0.001303,-0.003683,0.000973,0.202613,0.117211,0.285361,0.000000,True,-0.004631,-0.007716,-0.001710,0.212380,0.119844,0.303962,0.000000,True
26,22,0.001683,0.000589,0.002803,0.211523,0.127918,0.297193,0.000000,True,0.000107,-0.001161,0.001391,0.191346,0.103257,0.276881,0.000000,True
21,6,-0.000344,-0.000702,-0.000007,0.211469,0.118979,0.301969,0.000000,True,0.000261,-0.000589,0.001025,0.186790,0.100038,0.266977,0.000000,True
8,3,0.004266,0.003150,0.005329,-0.211404,-0.289339,-0.135958,0.000000,True,0.005186,0.003444,0.006969,-0.203352,-0.283922,-0.121135,0.000000,True
1,18,-0.000018,-0.000024,-0.000012,0.211325,0.125188,0.303230,0.000000,True,-0.000020,-0.000027,-0.000014,0.091944,0.013047,0.166161,0.005000,False
19,24,-0.001809,-0.002319,-0.001338,0.211299,0.145469,0.276734,0.000000,True,-0.001735,-0.002366,-0.001159,-0.167024,-0.274243,-0.059793,0.000000,True
14,15,0.011487,0.009162,0.013856,0.210994,0.127524,0.290340,0.000000,True,0.006257,0.002905,0.009622,0.177705,0.085934,0.262830,0.000000,True
3,25,0.000973,0.000709,0.001274,0.149408,0.059649,0.231637,0.000000,True,-0.001664,-0.001839,-0.001490,-0.210214,-0.308536,-0.110516,0.000000,True
17,11,-0.000821,-0.001155,-0.000526,0.210208,0.138498,0.287744,0.000000,True,-0.001028,-0.001498,-0.000590,0.193783,0.110631,0.271468,0.000000,True
8,9,0.002084,0.000508,0.003599,-0.160808,-0.241994,-0.082505,0.000000,True,-0.000087,-0.002046,0.001886,-0.210041,-0.294160,-0.123171,0.000000,True
12,5,0.007624,0.003713,0.011696,0.209813,0.115102,0.304501,0.000000,True,0.009399,0.003444,0.015618,0.167442,0.075554,0.258211,0.000000,True
31,5,0.000039,-0.000090,0.000171,0.209377,0.122168,0.297749,0.000000,True,-0.000642,-0.000901,-0.000388,-0.012921,-0.090586,0.062645,0.702000,False
6,28,0.000482,0.000134,0.000815,-0.171303,-0.238867,-0.111648,0.000000,True,0.000925,0.000312,0.001529,-0.209127,-0.288931,-0.130837,0.000000,True
15,20,0.009734,0.005624,0.013997,0.209034,0.119964,0.298127,0.000000,True,0.010158,0.006693,0.013499,0.150422,0.062714,0.234415,0.000000,True
21,0,-0.007359,-0.011837,-0.003261,0.208976,0.123998,0.291804,0.000000,True,-0.001177,-0.006901,0.004298,0.205179,0.118025,0.288245,0.000000,True
7,29,0.000409,-0.003272,0.003936,0.208925,0.121599,0.293296,0.000000,True,-0.002493,-0.005309,0.000303,0.208049,0.114128,0.299924,0.000000,True
24,9,-0.000099,-0.000196,-0.000015,0.134874,0.063095,0.211132,0.000000,True,-0.000468,-0.000694,-0.000249,-0.208924,-0.306666,-0.124161,0.000000,True
28,31,-0.013387,-0.018246,-0.008909,0.163701,0.076601,0.260519,0.000000,True,-0.008249,-0.013431,-0.003523,0.208737,0.117665,0.302310,0.000000,True
14,31,-0.007515,-0.009963,-0.005265,0.095804,0.025314,0.165562,0.007000,False,-0.017437,-0.024626,-0.010076,0.208733,0.127849,0.285999,0.000000,True
5,2,-0.002911,-0.003553,-0.002296,0.153541,0.057314,0.245621,0.000000,True,-0.004638,-0.005181,-0.004115,0.208587,0.110246,0.303791,0.000000,True
6,26,0.000154,-0.000007,0.000313,-0.144461,-0.243120,-0.039920,0.000000,True,0.001434,0.000724,0.002164,-0.208147,-0.301997,-0.113391,0.000000,True
27,10,-0.010378,-0.014319,-0.007141,0.172680,0.093216,0.269471,0.000000,True,-0.007885,-0.012034,-0.004093,0.208082,0.127230,0.284290,0.000000,True
15,11,-0.016458,-0.022232,-0.010803,0.116254,0.030435,0.200647,0.001000,False,-0.020271,-0.026826,-0.013755,0.207999,0.122545,0.290693,0.000000,True
23,30,-0.000926,-0.001153,-0.000705,0.192193,0.116717,0.271516,0.000000,True,-0.001852,-0.002244,-0.001444,0.207881,0.129431,0.284902,0.000000,True
28,10,-0.004060,-0.006901,-0.001480,0.178565,0.105662,0.257675,0.000000,True,-0.000912,-0.007599,0.005328,0.207462,0.126350,0.285379,0.000000,True
26,11,0.000980,0.000711,0.001264,0.207425,0.113154,0.304412,0.000000,True,-0.000931,-0.001407,-0.000467,0.155196,0.091252,0.222273,0.000000,True
29,31,-0.001651,-0.003942,0.000824,0.207142,0.127866,0.292099,0.000000,True,0.002789,-0.006029,0.010114,0.194318,0.105236,0.281238,0.000000,True
5,11,-0.001637,-0.003052,-0.000296,-0.207112,-0.287700,-0.132721,0.000000,True,-0.004054,-0.005807,-0.002321,-0.196362,-0.282658,-0.109017,0.000000,True
2,29,-0.002647,-0.002921,-0.002355,0.147156,0.046147,0.250160,0.000000,True,-0.002021,-0.002341,-0.001674,0.207078,0.106775,0.304997,0.000000,True
18,10,0.002176,0.001335,0.002951,0.206868,0.131951,0.279463,0.000000,True,0.002100,0.000226,0.003967,0.072784,-0.005596,0.145751,0.023000,False
13,14,-0.008697,-0.012620,-0.004665,0.206845,0.127949,0.281638,0.000000,True,-0.023673,-0.030682,-0.016535,0.140019,0.069750,0.208541,0.000000,True
21,22,0.003108,0.000947,0.005835,-0.134421,-0.213595,-0.068960,0.000000,True,0.000760,-0.002362,0.004345,-0.206355,-0.303352,-0.105813,0.000000,True
14,7,-0.001000,-0.004418,0.002579,0.206037,0.109623,0.296814,0.000000,True,-0.003359,-0.007777,0.001129,0.196989,0.097364,0.291243,0.000000,True
23,2,0.000701,0.000358,0.001082,0.205837,0.134998,0.279069,0.000000,True,0.000584,-0.000059,0.001276,-0.073731,-0.165639,0.015754,0.072000,False
3,7,0.000100,0.000062,0.000145,0.205658,0.115983,0.299672,0.000000,True,0.000128,0.000077,0.000184,0.177463,0.083919,0.272674,0.000000,True
12,6,-0.002657,-0.005990,0.000735,0.205399,0.113632,0.295324,0.000000,True,-0.010804,-0.014124,-0.007537,0.172334,0.085405,0.260322,0.000000,True
12,4,-0.000636,-0.005314,0.004041,0.205376,0.114535,0.296394,0.000000,True,-0.000454,-0.005263,0.004211,0.160269,0.072366,0.247096,0.000000,True
6,30,-0.001358,-0.002241,-0.000477,0.158336,0.061942,0.251681,0.000000,True,-0.002394,-0.003372,-0.001435,0.205288,0.113490,0.295253,0.000000,True
20,16,0.002410,0.001557,0.003292,0.002198,-0.052841,0.063283,0.954000,False,-0.000995,-0.002337,0.000437,-0.205017,-0.300973,-0.109641,0.000000,True
30,24,-0.031101,-0.037755,-0.025112,0.132557,0.045969,0.221991,0.000000,True,-0.016450,-0.024655,-0.008779,0.204935,0.129237,0.279663,0.000000,True
2,25,-0.000594,-0.000748,-0.000448,-0.062148,-0.138335,0.018534,0.046000,False,0.000701,0.000436,0.000958,-0.204667,-0.294387,-0.112902,0.000000,True
8,27,0.007588,0.006259,0.008984,0.155036,0.066962,0.243009,0.000000,True,0.005665,0.004147,0.007196,-0.204405,-0.269744,-0.143850,0.000000,True
2,8,-0.000368,-0.000414,-0.000319,0.198344,0.107895,0.285044,0.000000,True,-0.000215,-0.000280,-0.000146,0.203896,0.114702,0.289568,0.000000,True
29,0,-0.000509,-0.000646,-0.000372,0.115599,0.031069,0.204489,0.001000,False,-0.000536,-0.000946,-0.000172,-0.203738,-0.270677,-0.138958,0.000000,True
12,24,0.006490,0.002267,0.010888,0.203719,0.107854,0.295178,0.000000,True,0.006473,0.002484,0.010405,0.192292,0.097312,0.288781,0.000000,True
13,1,-0.005470,-0.010245,-0.000722,0.064843,0.000768,0.127626,0.057000,False,-0.011891,-0.018244,-0.005349,0.203396,0.122675,0.282346,0.000000,True
4,12,0.000067,0.000048,0.000088,0.203099,0.106661,0.299441,0.000000,True,0.000066,0.000046,0.000088,-0.096651,-0.167293,-0.028262,0.016000,False
20,20,0.018489,0.014370,0.022716,-0.202988,-0.255982,-0.152492,0.000000,True,0.018978,0.015094,0.023058,-0.142622,-0.186957,-0.096036,0.000000,True
30,10,-0.000622,-0.002323,0.001050,0.202762,0.110296,0.298497,0.000000,True,0.001456,-0.000814,0.003626,0.172915,0.085212,0.260797,0.000000,True
29,25,-0.000464,-0.001154,0.000057,0.093215,0.024141,0.154515,0.007000,False,-0.000092,-0.000934,0.000631,0.202301,0.124712,0.276767,0.000000,True
5,1,0.003828,0.000796,0.006767,-0.186989,-0.254794,-0.118138,0.000000,True,0.002318,-0.000998,0.005461,-0.201880,-0.259514,-0.148111,0.000000,True
25,20,0.000017,0.000011,0.000022,0.098765,0.051807,0.153910,0.006000,False,0.000015,0.000002,0.000026,-0.201814,-0.289355,-0.106670,0.000000,True
23,13,-0.030905,-0.036585,-0.024936,0.201739,0.108214,0.307600,0.000000,True,-0.031610,-0.038306,-0.024575,0.171305,0.083767,0.261399,0.000000,True
12,31,0.005936,0.002428,0.009558,0.193912,0.100755,0.286326,0.000000,True,0.003300,-0.000523,0.007014,0.201092,0.105244,0.296558,0.000000,True
26,19,-0.007571,-0.011979,-0.003232,0.124630,0.031842,0.210431,0.000000,True,0.002816,-0.005397,0.010257,0.200875,0.119077,0.281553,0.000000,True
8,15,-0.004983,-0.009689,-0.000642,0.200807,0.100756,0.298094,0.000000,True,-0.010299,-0.015062,-0.005812,0.180604,0.089598,0.270353,0.000000,True
1,28,0.001770,0.000198,0.003423,0.199215,0.093524,0.295907,0.000000,True,0.002002,0.000642,0.003408,0.200749,0.104546,0.292715,0.000000,True
12,3,-0.000558,-0.002035,0.000791,0.200570,0.117313,0.281536,0.000000,True,-0.001646,-0.003309,-0.000024,0.191315,0.105472,0.273993,0.000000,True
1,7,-0.001244,-0.001727,-0.000732,0.199953,0.101875,0.288654,0.000000,True,-0.000271,-0.000813,0.000308,0.192074,0.097891,0.283555,0.000000,True
23,15,-0.000324,-0.000830,0.000183,0.199878,0.133525,0.272527,0.000000,True,-0.000058,-0.000665,0.000510,0.177616,0.109324,0.246919,0.000000,True
14,13,-0.003828,-0.008871,0.000707,0.189295,0.118405,0.261512,0.000000,True,-0.011536,-0.020623,-0.002800,0.199837,0.114450,0.281796,0.000000,True
26,24,-0.000811,-0.000994,-0.000648,0.199783,0.117552,0.285763,0.000000,True,-0.002437,-0.002824,-0.002063,-0.074651,-0.143960,-0.007430,0.040000,False
14,5,-0.010987,-0.015043,-0.007046,0.163173,0.093720,0.232309,0.000000,True,-0.007479,-0.013850,-0.001657,0.199745,0.116729,0.277797,0.000000,True
6,20,0.003757,0.001810,0.005555,-0.054031,-0.141882,0.036881,0.133000,False,0.000418,-0.001530,0.002352,-0.199293,-0.272080,-0.126116,0.000000,True
22,17,-0.002313,-0.003225,-0.001481,0.199255,0.120865,0.273685,0.000000,True,0.000118,-0.001575,0.001697,0.163065,0.072992,0.243884,0.000000,True
2,23,-0.000290,-0.000377,-0.000211,-0.025065,-0.103867,0.048784,0.485000,False,-0.000142,-0.000270,-0.000025,-0.198583,-0.291055,-0.101340,0.000000,True
26,10,0.002675,0.001362,0.003981,0.198205,0.115110,0.287905,0.000000,True,0.002629,0.000610,0.004650,0.112522,0.052881,0.172223,0.000000,True
4,3,-0.000774,-0.002450,0.000740,0.164993,0.062197,0.262778,0.000000,True,-0.000248,-0.001984,0.001378,0.198032,0.100922,0.292440,0.000000,True
10,25,0.009360,0.003555,0.015275,0.197618,0.107310,0.285713,0.000000,True,0.012290,0.004534,0.020192,0.073202,-0.001279,0.147048,0.045000,False
25,2,0.002858,0.002258,0.003507,-0.106213,-0.177328,-0.035389,0.000000,True,-0.013936,-0.016169,-0.011711,-0.197541,-0.296133,-0.094117,0.000000,True
14,3,-0.012719,-0.017013,-0.008500,0.190694,0.121268,0.261259,0.000000,True,-0.020293,-0.027461,-0.013186,0.196731,0.109613,0.279891,0.000000,True
3,13,0.000580,0.000273,0.000926,0.157397,0.068623,0.249268,0.000000,True,0.000325,0.000120,0.000550,0.196572,0.137243,0.257701,0.000000,True
9,29,-0.010139,-0.022566,-0.000880,0.196506,0.097394,0.293952,0.000000,True,-0.010926,-0.024035,-0.000531,0.017699,-0.084256,0.127451,0.639000,False
31,15,-0.000603,-0.001182,-0.000101,0.196107,0.114666,0.292675,0.000000,True,-0.000386,-0.001160,0.000365,0.171555,0.084154,0.267331,0.000000,True
3,27,0.000887,0.000553,0.001241,-0.163259,-0.237507,-0.094788,0.000000,True,0.000287,-0.000019,0.000619,-0.195972,-0.288594,-0.105902,0.000000,True
28,5,-0.000764,-0.001268,-0.000382,0.195743,0.112525,0.307652,0.000000,True,-0.000573,-0.001194,-0.000101,0.145213,0.061537,0.236489,0.000000,True
13,30,0.001792,-0.000227,0.003825,0.098917,0.016783,0.178703,0.001000,False,0.002264,-0.001667,0.006138,0.195496,0.107535,0.282320,0.000000,True
27,29,-0.000057,-0.000160,0.000038,0.195281,0.113253,0.285583,0.000000,True,-0.000046,-0.000220,0.000124,0.139060,0.059094,0.218102,0.000000,True
22,18,-0.003839,-0.005329,-0.002378,0.194713,0.111292,0.274857,0.000000,True,-0.007402,-0.009932,-0.004862,0.090802,-0.001917,0.178167,0.008000,False
25,24,0.001936,0.001435,0.002436,0.194457,0.132898,0.261621,0.000000,True,0.002490,0.001773,0.003206,0.157805,0.094110,0.219336,0.000000,True
18,19,0.003810,0.002563,0.005286,-0.105633,-0.177670,-0.026367,0.010000,False,0.002078,0.000747,0.003613,-0.193996,-0.289276,-0.097893,0.000000,True
10,15,-0.003549,-0.005476,-0.001719,0.193951,0.106545,0.283242,0.000000,True,-0.007227,-0.009155,-0.005284,0.184001,0.091262,0.275626,0.000000,True
27,8,-0.007462,-0.010730,-0.004333,0.193906,0.119216,0.281064,0.000000,True,0.000518,-0.004121,0.005726,0.163879,0.082175,0.243047,0.000000,True
29,22,0.058794,0.050278,0.067230,0.039211,-0.029729,0.119463,0.447000,False,0.068024,0.058679,0.077376,-0.193607,-0.271182,-0.114874,0.000000,True
22,26,0.001239,0.000942,0.001524,0.110452,0.037838,0.190094,0.006000,False,-0.004088,-0.005201,-0.003035,-0.193542,-0.305065,-0.076668,0.000000,True
15,21,-0.009041,-0.015486,-0.002976,0.102778,0.028704,0.178913,0.005000,False,-0.007831,-0.014105,-0.002000,0.193313,0.107608,0.277061,0.000000,True
17,12,0.006550,0.004745,0.008312,0.193213,0.109645,0.279259,0.000000,True,0.011030,0.008425,0.013499,0.055120,-0.025897,0.131987,0.139000,False
16,4,-0.014082,-0.017169,-0.010718,0.193160,0.106446,0.276869,0.000000,True,-0.013372,-0.017610,-0.009119,0.190614,0.101856,0.275150,0.000000,True
28,28,0.002483,0.001895,0.003085,-0.032895,-0.081377,0.017238,0.672000,False,-0.001564,-0.002842,-0.000259,-0.193012,-0.288304,-0.098919,0.000000,True
12,11,0.017301,0.013143,0.021760,0.184541,0.100162,0.270047,0.000000,True,0.016323,0.011340,0.021779,0.192977,0.105722,0.280117,0.000000,True
8,25,0.008674,0.006930,0.010478,0.192912,0.112257,0.271592,0.000000,True,0.003325,0.000335,0.006303,0.110527,0.028823,0.190430,0.000000,True
7,16,0.018099,0.013118,0.023610,0.192790,0.058081,0.315468,0.000000,True,0.020792,0.015952,0.026130,-0.064881,-0.142251,0.015870,0.078000,False
10,13,0.007691,0.002160,0.013140,-0.192732,-0.276593,-0.106401,0.000000,True,0.008769,0.002747,0.014616,-0.181584,-0.277318,-0.083947,0.000000,True
12,7,0.012689,0.009856,0.015450,0.192632,0.093065,0.287944,0.000000,True,0.010183,0.007033,0.013271,0.153919,0.066572,0.238032,0.000000,True
9,21,0.002006,0.000926,0.003094,0.192239,0.106603,0.275792,0.000000,True,-0.001128,-0.003322,0.000776,0.021539,-0.074315,0.110920,0.532000,False
27,22,-0.005691,-0.011776,0.000056,-0.109894,-0.194169,-0.033686,0.019000,False,-0.008149,-0.014803,-0.001825,-0.192186,-0.339858,-0.049256,0.000000,True
10,30,-0.007478,-0.011259,-0.003836,0.185655,0.100923,0.271816,0.000000,True,-0.010109,-0.013899,-0.006526,0.191587,0.102269,0.279019,0.000000,True
20,6,-0.000999,-0.001389,-0.000585,-0.153412,-0.230375,-0.078156,0.000000,True,-0.003829,-0.005076,-0.002660,-0.191119,-0.280411,-0.098089,0.000000,True
23,24,0.023443,0.019762,0.027221,-0.014937,-0.089181,0.061815,0.960000,False,0.020453,0.017013,0.023938,-0.190505,-0.261366,-0.120536,0.000000,True
17,8,-0.012521,-0.016882,-0.008713,-0.132676,-0.198193,-0.065117,0.000000,True,-0.014663,-0.019585,-0.010132,-0.190038,-0.272018,-0.104144,0.000000,True
16,17,-0.007738,-0.010881,-0.004451,0.189859,0.103860,0.281693,0.000000,True,-0.008825,-0.012193,-0.005393,0.175060,0.085054,0.263478,0.000000,True
6,22,0.003927,0.000655,0.006870,0.169177,0.076079,0.256306,0.000000,True,-0.003048,-0.005991,-0.000239,0.189711,0.094808,0.280220,0.000000,True
22,31,0.000449,-0.002731,0.003256,-0.020766,-0.103123,0.051608,0.582000,False,0.001560,-0.002386,0.005489,-0.188773,-0.300183,-0.080108,0.000000,True
9,4,0.002257,0.001695,0.002835,-0.148463,-0.238905,-0.055924,0.000000,True,-0.000240,-0.001318,0.000833,-0.188671,-0.279875,-0.094157,0.000000,True
29,30,-0.001170,-0.002982,0.000548,0.138013,0.055926,0.215993,0.000000,True,0.010713,0.006198,0.015027,0.188411,0.093352,0.278793,0.000000,True
28,20,-0.025360,-0.032991,-0.018435,0.188407,0.111052,0.269406,0.000000,True,-0.017277,-0.025962,-0.009063,0.184388,0.104741,0.257889,0.000000,True
13,25,-0.005477,-0.008136,-0.002809,0.143342,0.059422,0.232599,0.000000,True,-0.007724,-0.010394,-0.005027,0.188260,0.095765,0.281845,0.000000,True
23,17,-0.004389,-0.005843,-0.003076,0.188177,0.109354,0.271850,0.000000,True,-0.005316,-0.007515,-0.003258,0.159754,0.071592,0.243924,0.000000,True
14,12,0.010012,0.002501,0.016857,0.175427,0.092366,0.258740,0.000000,True,0.003724,-0.004996,0.011997,0.187921,0.100741,0.272504,0.000000,True
8,19,0.005415,0.002241,0.008441,0.187826,0.092913,0.279179,0.000000,True,0.003884,0.000399,0.007311,-0.045634,-0.131469,0.046969,0.253000,False
25,19,-0.000712,-0.000892,-0.000533,0.187451,0.107728,0.265010,0.000000,True,-0.002152,-0.002654,-0.001676,0.029215,-0.043145,0.109860,0.495000,False
17,7,-0.011403,-0.014643,-0.008137,0.161525,0.091153,0.231849,0.000000,True,0.004222,-0.000670,0.009126,0.187396,0.096164,0.272128,0.000000,True
5,9,-0.000817,-0.001197,-0.000433,-0.147017,-0.255450,-0.051230,0.000000,True,-0.001936,-0.002449,-0.001429,-0.187124,-0.281433,-0.093263,0.000000,True
9,25,0.002717,0.002097,0.003319,-0.162705,-0.227395,-0.102971,0.000000,True,0.005611,0.004396,0.006768,-0.187103,-0.272187,-0.101514,0.000000,True
14,30,0.002506,-0.000163,0.004913,0.097263,0.008873,0.184070,0.002000,False,0.002340,-0.002655,0.007011,0.187076,0.103035,0.266445,0.000000,True
9,7,0.000623,0.000252,0.001001,0.087212,0.006599,0.173566,0.017000,False,0.000112,-0.000569,0.000808,-0.187043,-0.282273,-0.086848,0.000000,True
31,24,0.000403,0.000043,0.000762,0.186925,0.119374,0.263406,0.000000,True,0.001162,0.000254,0.002100,0.162084,0.076980,0.243719,0.000000,True
29,10,-0.001783,-0.003553,-0.000095,0.186878,0.098206,0.272744,0.000000,True,0.000444,-0.001739,0.002394,0.075664,0.005304,0.144822,0.026000,False
8,8,-0.000125,-0.003153,0.002695,-0.119859,-0.208717,-0.027232,0.002000,False,-0.000480,-0.004794,0.003750,-0.186802,-0.251832,-0.123726,0.000000,True
13,13,-0.003380,-0.007096,0.000196,0.164066,0.079673,0.241562,0.000000,True,-0.006858,-0.012905,-0.000757,0.186437,0.101626,0.267642,0.000000,True
4,8,0.004600,0.003993,0.005208,0.186375,0.092348,0.288548,0.000000,True,0.004126,0.003508,0.004724,-0.172251,-0.253992,-0.083486,0.000000,True
15,9,0.001935,0.000394,0.003384,0.186123,0.098106,0.275092,0.000000,True,0.000102,-0.001333,0.001480,0.147260,0.060974,0.231218,0.000000,True
15,25,-0.011491,-0.017631,-0.005997,0.185482,0.111620,0.258370,0.000000,True,-0.022398,-0.030725,-0.014710,0.075530,0.007151,0.140412,0.030000,False
11,1,0.005383,0.003120,0.007786,0.185178,0.092709,0.269867,0.000000,True,0.002839,-0.000168,0.006046,-0.167377,-0.238664,-0.094692,0.000000,True
16,22,-0.007770,-0.009605,-0.006141,0.134680,0.039377,0.237258,0.000000,True,-0.009110,-0.011146,-0.007162,0.185169,0.084242,0.286265,0.000000,True
6,25,0.000168,0.000123,0.000217,-0.185107,-0.280154,-0.091600,0.000000,True,0.000336,0.000230,0.000444,-0.173726,-0.261204,-0.083190,0.000000,True
25,13,-0.002587,-0.004222,-0.001034,-0.085693,-0.148128,-0.027298,0.012000,False,-0.004949,-0.006963,-0.002832,-0.185062,-0.260226,-0.115846,0.000000,True
21,23,0.004111,0.002573,0.005700,0.011949,-0.060725,0.090901,0.692000,False,-0.000782,-0.003374,0.002000,-0.184661,-0.286376,-0.075543,0.000000,True
6,2,-0.000385,-0.000791,-0.000012,-0.064776,-0.149584,0.006821,0.032000,False,0.000050,-0.000450,0.000554,-0.184402,-0.278292,-0.088066,0.000000,True
13,23,-0.001681,-0.008975,0.006319,0.184020,0.076106,0.282821,0.000000,True,-0.007442,-0.016234,0.002579,0.136877,0.037860,0.230605,0.000000,True
1,14,-0.000553,-0.000840,-0.000297,0.136498,0.042407,0.222332,0.000000,True,0.000812,0.000543,0.001060,-0.183370,-0.249369,-0.114998,0.000000,True
30,9,-0.010313,-0.014054,-0.006822,0.106601,0.013645,0.197919,0.002000,False,-0.003298,-0.010671,0.002892,0.182773,0.097421,0.263973,0.000000,True
28,26,-0.000013,-0.000049,0.000028,0.182742,0.102805,0.266501,0.000000,True,-0.000299,-0.000377,-0.000224,0.112982,0.028201,0.189123,0.002000,False
18,0,-0.010125,-0.014830,-0.005220,0.182656,0.110762,0.257394,0.000000,True,0.008928,0.001969,0.015959,0.110265,0.030997,0.187635,0.000000,True
8,7,-0.005708,-0.006540,-0.004921,0.182551,0.100642,0.262276,0.000000,True,-0.010699,-0.012195,-0.009223,-0.169117,-0.238282,-0.103089,0.000000,True
31,20,-0.017398,-0.021310,-0.013299,0.182545,0.058917,0.285497,0.000000,True,-0.017431,-0.021508,-0.012857,-0.075170,-0.191697,0.026520,0.340000,False
31,10,-0.000095,-0.000147,-0.000041,0.182129,0.100894,0.263915,0.000000,True,-0.000201,-0.000379,-0.000025,-0.015536,-0.082121,0.047192,0.691000,False
16,27,-0.017801,-0.024886,-0.010789,0.182018,0.118634,0.249026,0.000000,True,-0.011473,-0.021219,-0.001424,0.118574,0.042590,0.189240,0.000000,True
20,10,0.001115,0.000396,0.001874,0.181863,0.103521,0.257646,0.000000,True,0.002236,0.001148,0.003308,0.037403,-0.030220,0.102347,0.274000,False
27,11,0.000027,-0.000505,0.000487,0.156005,0.081040,0.236658,0.000000,True,-0.002630,-0.003667,-0.001747,0.181089,0.100305,0.258539,0.000000,True
10,17,0.000277,-0.005144,0.006471,0.180746,0.091601,0.272272,0.000000,True,-0.002354,-0.008373,0.004300,0.161827,0.078946,0.245648,0.000000,True
2,10,-0.001452,-0.001625,-0.001294,0.095791,0.011397,0.181536,0.004000,False,-0.002065,-0.002285,-0.001865,0.180532,0.088306,0.270456,0.000000,True
8,11,-0.001286,-0.005440,0.002901,-0.129915,-0.205435,-0.053366,0.000000,True,-0.003976,-0.009584,0.001580,-0.179877,-0.263804,-0.093438,0.000000,True
26,27,-0.021497,-0.027316,-0.016213,0.179787,0.098255,0.261589,0.000000,True,-0.017632,-0.025412,-0.010175,0.150740,0.067879,0.228150,0.000000,True
25,31,-0.000053,-0.000088,-0.000020,0.179393,0.098001,0.261065,0.000000,True,-0.000380,-0.000504,-0.000263,0.127147,0.052184,0.200869,0.000000,True
22,30,0.017712,0.013807,0.021623,-0.018290,-0.089229,0.057004,0.896000,False,0.018410,0.014142,0.022796,-0.179363,-0.269632,-0.093052,0.001000,False
8,0,0.000040,-0.002086,0.002090,-0.125129,-0.204130,-0.044742,0.000000,True,-0.005428,-0.009196,-0.001372,-0.179271,-0.262339,-0.097544,0.000000,True
31,28,0.014000,0.011245,0.016807,0.137826,0.053454,0.219947,0.003000,False,0.016851,0.013042,0.020595,0.179109,0.095617,0.259604,0.000000,True
9,28,0.003142,0.001035,0.005213,0.178944,0.095353,0.266712,0.000000,True,0.002455,-0.000285,0.005136,-0.127682,-0.224169,-0.039179,0.000000,True
18,27,-0.003282,-0.004242,-0.002396,0.178861,0.102615,0.255332,0.000000,True,-0.003928,-0.006188,-0.001591,0.043638,-0.031491,0.111800,0.197000,False
29,28,-0.000917,-0.001374,-0.000459,0.137064,0.055778,0.217750,0.000000,True,-0.001801,-0.003013,-0.000612,0.178585,0.112543,0.245521,0.000000,True
9,12,0.031092,0.023657,0.039090,0.043339,-0.046297,0.139074,0.267000,False,0.030409,0.022949,0.038409,-0.178581,-0.252005,-0.105473,0.000000,True
22,22,-0.002414,-0.003865,-0.001547,0.139774,0.088266,0.205332,0.000000,True,-0.002739,-0.004216,-0.001814,-0.178210,-0.370637,-0.034485,0.000000,True
16,20,-0.002995,-0.006292,0.000248,-0.040620,-0.143583,0.036723,0.248000,False,-0.006738,-0.010757,-0.002932,-0.176876,-0.308545,-0.063009,0.000000,True
23,25,-0.003070,-0.006498,0.000256,0.176714,0.101920,0.252227,0.000000,True,-0.001301,-0.004780,0.002209,0.113836,0.039153,0.189696,0.001000,False
15,30,-0.019593,-0.027949,-0.011350,0.031717,-0.045611,0.108593,0.446000,False,-0.036665,-0.048740,-0.025054,0.176010,0.098347,0.251087,0.000000,True
6,4,0.030117,0.020460,0.039682,0.158131,0.038258,0.281486,0.000000,True,0.034989,0.025602,0.044429,0.175850,0.063079,0.291096,0.000000,True
21,19,-0.000367,-0.000760,0.000014,0.175846,0.097854,0.263720,0.000000,True,-0.000047,-0.001324,0.001195,0.074428,-0.000256,0.150329,0.030000,False
22,12,0.099237,0.080255,0.118235,-0.168668,-0.243849,-0.089320,0.002000,False,0.101422,0.082444,0.120596,-0.175323,-0.249771,-0.096486,0.000000,True
17,6,-0.003157,-0.005885,-0.000327,0.175283,0.092047,0.262503,0.000000,True,-0.001093,-0.004411,0.002377,0.131595,0.047029,0.212579,0.000000,True
19,27,-0.000636,-0.001286,-0.000064,0.110230,0.031200,0.191776,0.000000,True,-0.001032,-0.001815,-0.000204,-0.174353,-0.239424,-0.112356,0.000000,True
11,21,0.017681,0.014122,0.021657,0.174204,0.079953,0.260348,0.000000,True,0.014787,0.011285,0.018775,0.127316,0.036892,0.212889,0.000000,True
25,6,0.000935,-0.000786,0.002727,-0.101226,-0.209642,0.021444,0.012000,False,0.002839,0.000392,0.005486,-0.173929,-0.268068,-0.089608,0.000000,True
26,2,-0.010338,-0.012603,-0.008085,0.109049,0.028092,0.194666,0.001000,False,-0.009395,-0.012200,-0.006445,-0.173621,-0.279573,-0.077984,0.000000,True
18,23,-0.006401,-0.011781,-0.001095,0.027392,-0.049993,0.104974,0.450000,False,-0.011002,-0.016774,-0.005231,-0.173261,-0.264479,-0.088930,0.000000,True
31,22,0.031401,0.027187,0.035496,0.172747,0.087283,0.252279,0.000000,True,0.035320,0.030437,0.039844,0.068177,-0.006351,0.136306,0.319000,False
16,25,-0.027969,-0.040609,-0.015771,0.100433,0.042164,0.157798,0.002000,False,-0.024863,-0.038601,-0.011952,0.172743,0.100713,0.241705,0.000000,True
20,12,0.008752,0.006004,0.011562,0.172558,0.100661,0.244124,0.000000,True,0.007333,0.004390,0.010491,-0.055009,-0.128389,0.006962,0.157000,False
11,0,0.000262,-0.002216,0.002554,0.005634,-0.090173,0.105773,0.865000,False,-0.002500,-0.006408,0.001183,-0.172557,-0.261022,-0.089153,0.000000,True
17,29,-0.051792,-0.063067,-0.041232,0.091795,0.016176,0.165913,0.011000,False,-0.054379,-0.066171,-0.043042,0.172469,0.104343,0.237493,0.000000,True
31,19,0.002231,0.001541,0.002975,-0.095173,-0.200179,0.002794,0.006000,False,0.001238,-0.000927,0.003410,-0.172391,-0.267392,-0.075210,0.000000,True
22,7,0.000582,-0.000117,0.001365,0.172193,0.106464,0.236413,0.000000,True,-0.003742,-0.006674,-0.000738,-0.108881,-0.196592,-0.020081,0.000000,True
19,20,-0.006040,-0.008057,-0.004185,0.171745,0.081574,0.260528,0.000000,True,0.000914,-0.002875,0.004541,0.161506,0.071029,0.246600,0.000000,True
9,22,0.000784,-0.001497,0.003119,0.171389,0.081355,0.262157,0.000000,True,-0.002790,-0.005557,-0.000040,0.102251,0.010207,0.194340,0.001000,False
15,23,-0.004237,-0.010739,0.002738,0.161901,0.092843,0.232559,0.000000,True,-0.000461,-0.006954,0.006030,0.171359,0.091698,0.249778,0.000000,True
23,1,0.001509,0.000946,0.002081,0.114114,0.050093,0.180231,0.002000,False,0.005416,0.003367,0.007390,-0.171265,-0.263281,-0.082539,0.000000,True
24,1,0.007673,0.006180,0.009220,0.058125,-0.029319,0.148520,0.428000,False,0.007723,0.005626,0.009877,-0.171197,-0.255003,-0.096776,0.000000,True
6,17,-0.000601,-0.001000,-0.000173,0.118732,0.003477,0.238079,0.000000,True,-0.001025,-0.001609,-0.000413,0.171116,0.074978,0.265247,0.000000,True
14,29,0.008107,-0.003324,0.019391,-0.016704,-0.070063,0.032218,0.623000,False,0.000858,-0.014438,0.015844,0.170769,0.093545,0.244014,0.000000,True
8,1,0.013014,0.010789,0.015300,-0.170743,-0.244650,-0.097749,0.000000,True,0.004056,0.001560,0.006634,-0.127415,-0.198762,-0.052156,0.000000,True
10,10,-0.002543,-0.003504,-0.001593,0.170550,0.085060,0.256026,0.000000,True,-0.003669,-0.004821,-0.002458,0.170517,0.088997,0.252575,0.000000,True
21,5,-0.000483,-0.001331,0.000349,0.104261,0.040485,0.167026,0.023000,False,0.000101,-0.001890,0.002017,0.170306,0.105346,0.232247,0.000000,True
20,28,-0.002103,-0.002669,-0.001568,0.169937,0.085701,0.252963,0.000000,True,-0.001554,-0.002405,-0.000687,0.094891,0.021717,0.165962,0.004000,False
14,24,0.002990,0.000084,0.005984,0.148112,0.060484,0.233504,0.000000,True,0.004108,-0.000425,0.008937,0.169773,0.090127,0.247124,0.000000,True
23,5,-0.013793,-0.016802,-0.010835,0.169609,0.061809,0.269150,0.000000,True,-0.010099,-0.013599,-0.006426,-0.124741,-0.244044,-0.014408,0.001000,False
18,14,-0.004991,-0.010804,0.000374,0.169390,0.094230,0.242111,0.000000,True,-0.004029,-0.010427,0.001972,0.041174,-0.028112,0.113788,0.201000,False
26,6,-0.000090,-0.000740,0.000517,-0.096626,-0.198729,0.002425,0.006000,False,-0.001655,-0.002864,-0.000443,-0.169337,-0.263484,-0.066710,0.000000,True
16,16,0.003016,0.001231,0.004740,0.168986,0.078106,0.253264,0.000000,True,0.007092,0.004178,0.010005,0.040153,-0.034279,0.111486,0.241000,False
25,16,0.000867,0.000352,0.001381,0.168861,0.092007,0.253004,0.000000,True,-0.000013,-0.000709,0.000668,-0.097983,-0.172943,-0.024917,0.004000,False
19,22,-0.003820,-0.004598,-0.003098,0.168207,0.104973,0.233388,0.000000,True,-0.000477,-0.001968,0.001021,0.148341,0.063558,0.224769,0.000000,True
9,20,0.011662,0.008030,0.015751,-0.018628,-0.098851,0.063279,0.604000,False,0.011372,0.007963,0.015107,-0.167840,-0.235855,-0.098373,0.000000,True
15,18,-0.012142,-0.013761,-0.010521,0.167383,0.085095,0.247793,0.000000,True,-0.016486,-0.019193,-0.013797,-0.004272,-0.082561,0.071009,0.893000,False
22,29,-0.014006,-0.020651,-0.007925,-0.130330,-0.209852,-0.059399,0.000000,True,-0.010553,-0.019064,-0.002871,-0.167066,-0.268267,-0.078988,0.000000,True
31,6,-0.000877,-0.001773,-0.000067,0.166726,0.074441,0.258099,0.000000,True,0.000992,-0.002143,0.003864,0.159759,0.077541,0.241117,0.000000,True
17,20,0.001736,-0.000677,0.004003,0.155071,0.065919,0.244775,0.000000,True,0.009329,0.006252,0.012273,0.166684,0.079448,0.251361,0.000000,True
31,2,-0.004486,-0.006520,-0.002531,0.063735,-0.003578,0.131351,0.052000,False,0.005943,0.000846,0.011573,0.166169,0.092568,0.238272,0.000000,True
26,20,0.008939,0.006485,0.011489,0.166000,0.069947,0.270033,0.000000,True,0.010048,0.007229,0.013019,0.125468,0.040223,0.218805,0.004000,False
22,16,0.002283,0.000761,0.003932,0.165719,0.095146,0.238027,0.000000,True,0.005462,0.003128,0.007625,0.140775,0.060174,0.219944,0.000000,True
17,9,0.001003,0.000362,0.001680,-0.165705,-0.225258,-0.112724,0.000000,True,-0.003237,-0.004945,-0.001583,-0.145209,-0.219715,-0.070248,0.000000,True
25,22,0.000000,-0.000006,0.000007,0.075927,0.014825,0.136879,0.036000,False,0.000000,-0.000012,0.000013,-0.165485,-0.247584,-0.082949,0.000000,True
15,0,-0.029143,-0.035866,-0.022644,0.056743,-0.020977,0.137738,0.076000,False,-0.028124,-0.033977,-0.022337,0.164769,0.073427,0.258015,0.000000,True
18,15,-0.000328,-0.001495,0.000737,0.164732,0.086647,0.240587,0.000000,True,0.004971,0.002763,0.006992,0.093925,0.018310,0.169700,0.006000,False
13,8,0.053546,0.044538,0.062300,0.051651,-0.038046,0.131609,0.195000,False,0.052869,0.043806,0.062191,0.164498,0.079018,0.248347,0.000000,True
18,26,-0.005560,-0.007924,-0.003586,0.163875,0.092808,0.239593,0.000000,True,-0.002744,-0.005913,0.000229,0.097264,0.016630,0.175913,0.004000,False
30,1,-0.022975,-0.028880,-0.017357,0.163522,0.078144,0.245455,0.000000,True,-0.015031,-0.022427,-0.007084,0.152955,0.067046,0.234867,0.000000,True
19,25,0.000069,-0.000294,0.000428,0.163251,0.086636,0.240592,0.000000,True,-0.000438,-0.001008,0.000136,-0.107789,-0.202519,-0.028909,0.002000,False
16,3,-0.068978,-0.079116,-0.057795,0.095406,0.005284,0.180296,0.003000,False,-0.063438,-0.073125,-0.053366,0.162854,0.069502,0.250723,0.000000,True
25,14,-0.390194,-0.447589,-0.331953,0.162710,0.011515,0.292140,0.000000,True,-0.389751,-0.446726,-0.331050,0.148322,-0.008646,0.280917,0.009000,False
23,11,0.000323,-0.000064,0.000692,0.162664,0.077295,0.242697,0.000000,True,-0.000274,-0.001002,0.000499,0.014799,-0.064001,0.089330,0.666000,False
25,18,-0.045974,-0.062976,-0.031461,0.162589,0.087656,0.236105,0.000000,True,-0.035883,-0.052648,-0.021329,0.124789,0.056465,0.190499,0.001000,False
7,26,-0.002334,-0.003856,-0.000766,-0.107700,-0.190244,-0.027829,0.011000,False,-0.004093,-0.006025,-0.002073,-0.162470,-0.228446,-0.099556,0.000000,True
28,23,-0.015772,-0.021029,-0.010422,0.162255,0.086004,0.247302,0.000000,True,-0.010924,-0.018706,-0.003453,0.150106,0.068603,0.232173,0.000000,True
28,21,-0.011654,-0.013229,-0.009966,0.141415,0.060827,0.217799,0.000000,True,-0.015108,-0.017934,-0.012225,0.161703,0.094010,0.227876,0.000000,True
30,13,0.044587,0.033317,0.056011,-0.034264,-0.105378,0.040527,0.904000,False,0.047995,0.036354,0.059631,-0.161676,-0.227278,-0.094445,0.010000,False
13,2,-0.009915,-0.014974,-0.004698,0.161026,0.079521,0.234977,0.000000,True,-0.014171,-0.021452,-0.006813,0.151383,0.057753,0.235474,0.000000,True
7,25,0.000695,0.000286,0.001088,-0.160962,-0.240353,-0.087361,0.000000,True,-0.001000,-0.003650,0.001665,-0.027348,-0.116887,0.059458,0.516000,False
29,8,-0.009286,-0.014494,-0.004856,0.160475,0.067712,0.258032,0.000000,True,0.000576,-0.006223,0.006563,0.155531,0.066446,0.244711,0.000000,True
18,11,-0.013563,-0.017452,-0.009955,0.160401,0.088928,0.234749,0.000000,True,-0.009864,-0.014977,-0.004904,0.106909,0.029933,0.181466,0.000000,True
23,20,-0.001892,-0.004629,0.001092,0.114127,0.044088,0.182665,0.000000,True,-0.000571,-0.003783,0.002961,0.160268,0.093651,0.223008,0.000000,True
13,17,0.005123,-0.000279,0.010514,0.160131,0.067243,0.243454,0.000000,True,-0.000120,-0.006642,0.006441,0.115881,0.042216,0.183526,0.000000,True
23,27,-0.006856,-0.010956,-0.002833,0.134687,0.060893,0.205771,0.000000,True,-0.009593,-0.015220,-0.003885,-0.160017,-0.257993,-0.067684,0.000000,True
13,20,-0.023181,-0.029359,-0.016959,0.159596,0.071301,0.244954,0.000000,True,-0.035458,-0.042767,-0.028001,0.124826,0.033394,0.216495,0.000000,True
14,17,-0.005174,-0.006667,-0.003713,0.044272,-0.028764,0.113104,0.201000,False,-0.006473,-0.008406,-0.004574,0.159487,0.081562,0.234303,0.000000,True
13,4,0.003160,0.000327,0.005914,0.125950,0.058031,0.188012,0.000000,True,0.007146,0.003548,0.010774,0.159433,0.087639,0.225163,0.000000,True
16,5,-0.002914,-0.004119,-0.001678,0.159111,0.076085,0.238317,0.000000,True,-0.009922,-0.012293,-0.007397,0.084129,0.003100,0.156525,0.015000,False
25,29,-0.000024,-0.000133,0.000079,0.158736,0.085064,0.229847,0.000000,True,-0.000226,-0.000495,0.000050,0.057568,-0.017753,0.128584,0.103000,False
22,24,0.004473,0.001020,0.007960,0.116641,0.031726,0.198022,0.000000,True,0.006919,0.001681,0.012497,0.158527,0.085685,0.226887,0.000000,True
28,17,0.000620,-0.000132,0.001410,0.158263,0.089673,0.232340,0.000000,True,-0.006453,-0.008345,-0.004618,-0.096407,-0.204805,0.005895,0.096000,False
28,24,0.008889,0.005391,0.012399,-0.085570,-0.156082,-0.018406,0.006000,False,0.006848,0.003215,0.010381,-0.158121,-0.252280,-0.066516,0.000000,True
21,12,0.012803,0.005870,0.019184,0.157880,0.074635,0.241023,0.000000,True,0.010193,0.002892,0.016917,0.037160,-0.030438,0.104233,0.340000,False
9,18,0.002899,0.001835,0.003889,0.157779,0.073098,0.250685,0.000000,True,0.002140,0.000866,0.003362,0.149277,0.062956,0.238609,0.000000,True
11,27,0.001889,-0.001372,0.005194,0.094010,-0.007327,0.196277,0.002000,False,0.002121,-0.004726,0.008901,-0.157757,-0.237685,-0.089081,0.000000,True
7,13,0.007468,0.004470,0.010779,0.157301,0.031306,0.275263,0.000000,True,0.007017,0.003545,0.010670,-0.076807,-0.144536,-0.003959,0.027000,False
26,23,-0.024322,-0.029379,-0.019361,0.150840,0.068642,0.233434,0.000000,True,-0.010086,-0.017313,-0.002701,0.157190,0.079351,0.230754,0.000000,True
16,10,-0.001182,-0.005981,0.004579,0.157008,0.079016,0.240044,0.000000,True,-0.001919,-0.009843,0.006261,0.014031,-0.058506,0.083569,0.668000,False
13,21,-0.016868,-0.021635,-0.011691,0.156912,0.079256,0.231388,0.000000,True,-0.028270,-0.033920,-0.022137,-0.015684,-0.067305,0.035820,0.667000,False
30,29,-0.068038,-0.079756,-0.056472,0.156042,0.025489,0.270232,0.031000,False,-0.074240,-0.088185,-0.060614,-0.046016,-0.177213,0.092443,0.886000,False
16,18,-0.008272,-0.009661,-0.006820,0.155741,0.065087,0.243429,0.000000,True,-0.010705,-0.013720,-0.007933,-0.020085,-0.087709,0.044371,0.541000,False
14,1,-0.009048,-0.012324,-0.005790,0.139755,0.065075,0.210591,0.000000,True,-0.016771,-0.022900,-0.011039,0.155486,0.074617,0.232021,0.000000,True
16,26,-0.038402,-0.048957,-0.028227,0.155186,0.083440,0.231500,0.000000,True,-0.045029,-0.055827,-0.034196,0.058237,-0.011279,0.121167,0.101000,False
18,24,-0.002911,-0.004836,-0.001205,0.153983,0.083796,0.221577,0.000000,True,0.000609,-0.002212,0.003388,0.072190,-0.003235,0.142592,0.025000,False
27,5,0.010345,0.002054,0.018917,-0.048195,-0.116664,0.020061,0.439000,False,0.008932,0.000994,0.017249,-0.153661,-0.249236,-0.062126,0.000000,True
19,9,-0.019391,-0.026570,-0.012203,0.115310,0.039449,0.189309,0.001000,False,-0.011380,-0.018703,-0.003887,0.153482,0.069287,0.233330,0.000000,True
14,4,0.020974,0.014402,0.028097,0.153306,0.058398,0.240051,0.000000,True,0.020050,0.011456,0.029280,0.124707,0.027057,0.212535,0.000000,True
27,9,-0.000100,-0.000828,0.000534,0.098814,0.007394,0.194837,0.027000,False,0.001791,0.000968,0.002579,0.152766,0.071500,0.233238,0.000000,True
30,20,0.000320,-0.000963,0.001497,-0.144134,-0.233556,-0.059135,0.000000,True,-0.008077,-0.013371,-0.003245,-0.152689,-0.246084,-0.057454,0.000000,True
15,19,-0.000719,-0.000927,-0.000511,0.152422,0.055740,0.242091,0.000000,True,-0.001466,-0.001861,-0.001094,0.025119,-0.053308,0.097706,0.508000,False
12,14,0.013440,0.008603,0.018085,0.152390,0.051317,0.252228,0.000000,True,0.019229,0.014014,0.024547,0.127910,0.034102,0.219718,0.000000,True
31,25,0.000428,0.000280,0.000588,0.151523,0.089514,0.221318,0.000000,True,0.001586,0.001250,0.001915,0.141936,0.063035,0.219776,0.000000,True
17,3,-0.026206,-0.032237,-0.020322,0.151290,0.076597,0.227994,0.000000,True,-0.018513,-0.025356,-0.011938,0.118616,0.046688,0.191638,0.000000,True
13,16,-0.019207,-0.025227,-0.013264,0.114628,0.038382,0.186760,0.001000,False,-0.021113,-0.027154,-0.014521,0.151242,0.061477,0.235690,0.000000,True
25,21,0.000174,0.000046,0.000301,0.150539,0.096034,0.231331,0.000000,True,0.000298,0.000147,0.000454,0.036780,-0.032098,0.102271,0.270000,False
14,19,-0.001896,-0.003123,-0.000701,-0.137593,-0.222096,-0.054028,0.000000,True,-0.025139,-0.031621,-0.018688,-0.150352,-0.225907,-0.078380,0.000000,True
24,7,0.000687,0.000254,0.001088,0.068588,0.001590,0.137212,0.059000,False,-0.002403,-0.004226,-0.000512,-0.150124,-0.228083,-0.071869,0.000000,True
13,3,-0.005704,-0.008305,-0.003284,-0.024256,-0.094879,0.042935,0.487000,False,-0.010508,-0.015842,-0.005504,-0.149936,-0.203635,-0.098265,0.000000,True
11,20,0.021824,0.014483,0.029105,0.149932,0.038633,0.260940,0.000000,True,0.030057,0.022130,0.037971,-0.116382,-0.212139,-0.017206,0.014000,False
31,12,-0.004691,-0.005610,-0.003857,0.149846,0.083161,0.222584,0.000000,True,-0.003291,-0.004776,-0.001849,0.134662,0.059466,0.211009,0.000000,True
29,11,-0.004168,-0.007925,-0.000697,0.149301,0.071695,0.227235,0.000000,True,0.004700,-0.000548,0.009505,0.132754,0.060518,0.205141,0.000000,True
18,8,-0.016743,-0.023520,-0.010222,0.134312,0.062851,0.203627,0.000000,True,-0.005503,-0.013323,0.002128,0.148627,0.070339,0.223698,0.000000,True
21,14,-0.011992,-0.014534,-0.009587,0.148457,0.060472,0.231022,0.000000,True,-0.008586,-0.011618,-0.005418,0.066408,-0.012505,0.144470,0.047000,False
13,18,-0.007833,-0.013281,-0.002756,0.124053,0.058878,0.181255,0.001000,False,-0.003074,-0.011919,0.006310,0.148428,0.070596,0.219645,0.000000,True
6,21,0.005176,0.003913,0.006414,0.147837,0.059829,0.233422,0.000000,True,0.003855,0.001980,0.005804,0.001200,-0.086974,0.083115,0.981000,False
22,1,-0.436673,-0.489540,-0.381883,0.147808,-0.004268,0.276121,0.252000,False,-0.432265,-0.485649,-0.377160,0.134988,-0.017406,0.265273,0.350000,False
29,5,-0.000659,-0.000833,-0.000502,0.088631,0.028419,0.157112,0.042000,False,-0.001824,-0.002220,-0.001449,-0.146961,-0.229374,-0.062981,0.000000,True
22,9,0.025277,0.022393,0.027951,0.146874,0.067815,0.221605,0.000000,True,0.025420,0.022506,0.028258,-0.014809,-0.090373,0.063768,0.700000,False
19,21,-0.000835,-0.001473,-0.000248,0.146731,0.055673,0.233995,0.000000,True,-0.000843,-0.001711,-0.000009,0.073460,-0.007068,0.150326,0.025000,False
4,10,0.003576,0.003048,0.004068,0.146691,0.048033,0.242395,0.000000,True,0.002921,0.002366,0.003465,-0.053793,-0.100728,-0.005306,0.119000,False
20,0,0.002445,-0.000025,0.004872,0.146527,0.067392,0.231309,0.000000,True,0.002869,0.000090,0.005531,0.040234,-0.040089,0.118224,0.237000,False
21,13,0.004471,0.003011,0.005888,0.146058,0.055906,0.230937,0.000000,True,0.003745,0.001598,0.005935,-0.133267,-0.187190,-0.083314,0.000000,True
28,18,-0.020101,-0.025614,-0.014846,0.145922,0.080708,0.213110,0.000000,True,-0.010864,-0.018656,-0.003623,0.088375,0.017735,0.158105,0.011000,False
31,3,0.000795,-0.000158,0.001684,0.145894,0.055179,0.228964,0.000000,True,-0.006004,-0.009514,-0.002803,0.051544,-0.036947,0.131626,0.133000,False
12,29,0.004958,0.003259,0.006728,0.145834,0.061795,0.226370,0.000000,True,-0.000041,-0.002709,0.002855,0.134249,0.052790,0.212348,0.000000,True
17,22,0.017221,0.010643,0.023950,0.145546,0.083502,0.208821,0.000000,True,0.016914,0.009173,0.024723,0.057815,-0.003690,0.120196,0.227000,False
27,13,0.001820,0.001282,0.002388,0.145095,0.072060,0.220151,0.002000,False,0.002160,0.001242,0.003083,0.085361,0.020367,0.148691,0.007000,False
2,14,-0.000294,-0.000584,-0.000019,0.029160,-0.049780,0.103401,0.402000,False,0.000808,0.000486,0.001120,0.144614,0.047301,0.236060,0.000000,True
10,23,0.010147,0.007393,0.012894,0.144333,0.047155,0.241524,0.000000,True,0.010005,0.006085,0.013892,0.118749,0.036403,0.200826,0.000000,True
24,30,-0.000024,-0.000093,0.000033,0.144224,0.066799,0.232514,0.000000,True,-0.000151,-0.000285,-0.000031,0.130292,0.040643,0.213686,0.000000,True
8,14,0.000721,-0.000881,0.002517,0.079067,-0.093098,0.190314,0.032000,False,-0.007610,-0.010023,-0.005184,-0.144219,-0.284601,0.007483,0.000000,False
20,8,0.002453,0.001526,0.003374,0.144120,0.070710,0.221072,0.000000,True,0.004014,0.002880,0.005077,0.083035,0.015652,0.151876,0.009000,False
16,2,-0.016153,-0.021795,-0.011058,0.062079,-0.017352,0.134729,0.069000,False,-0.015927,-0.022375,-0.010205,0.142835,0.055835,0.221801,0.000000,True
7,15,0.003946,0.000993,0.006961,0.142451,0.032125,0.241697,0.000000,True,0.001882,-0.001077,0.004785,0.081601,-0.012344,0.169066,0.012000,False
19,11,-0.017063,-0.020927,-0.013551,0.141727,0.066657,0.212867,0.000000,True,-0.014318,-0.019629,-0.009332,0.047669,-0.028408,0.120169,0.143000,False
20,21,0.000054,-0.000185,0.000292,0.061498,0.010521,0.122812,0.096000,False,-0.000340,-0.000782,0.000105,0.141581,0.075040,0.208120,0.000000,True
15,14,-0.012986,-0.017063,-0.009194,0.125959,0.038314,0.218079,0.000000,True,-0.016616,-0.021304,-0.012134,0.141103,0.058949,0.223691,0.000000,True
27,25,-0.000889,-0.001071,-0.000711,0.141046,0.075522,0.210350,0.001000,False,-0.002967,-0.003547,-0.002376,-0.074306,-0.156082,0.007070,0.151000,False
11,26,-0.005730,-0.007904,-0.003564,0.140339,0.066162,0.213112,0.000000,True,-0.010942,-0.014786,-0.007146,-0.027437,-0.091368,0.027452,0.446000,False
9,1,0.016602,0.014064,0.019247,0.139985,0.069986,0.211195,0.000000,True,0.021872,0.017857,0.026146,0.062399,-0.013149,0.137580,0.076000,False
8,12,0.012328,0.009691,0.015023,0.020119,-0.080405,0.115706,0.504000,False,0.010971,0.007959,0.014111,-0.139638,-0.223302,-0.060180,0.000000,True
31,26,-0.000328,-0.000900,0.000198,0.126025,0.041917,0.206480,0.000000,True,-0.000393,-0.004224,0.003362,0.138434,0.048419,0.228313,0.000000,True
30,18,0.008785,0.005561,0.012324,-0.018281,-0.102770,0.075621,0.968000,False,0.012129,0.006829,0.018358,0.138202,0.040184,0.237576,0.000000,True
26,17,-0.000900,-0.002532,0.000743,0.138170,0.055053,0.215103,0.000000,True,0.000800,-0.001674,0.003326,0.118456,0.039669,0.193409,0.000000,True
21,8,-0.027569,-0.036361,-0.019024,0.137744,0.057965,0.221282,0.000000,True,-0.022031,-0.030177,-0.014024,0.110033,0.028893,0.188599,0.001000,False
22,19,0.001534,0.000460,0.002594,0.136700,0.060466,0.203070,0.000000,True,0.004239,0.002546,0.005890,0.118295,0.043023,0.185669,0.000000,True
15,15,0.003705,0.000711,0.006668,0.136496,0.060914,0.216751,0.000000,True,0.003214,-0.000536,0.006849,0.074617,0.001183,0.142570,0.030000,False
26,16,-0.000257,-0.000457,-0.000075,0.136408,0.046634,0.228402,0.000000,True,-0.000546,-0.000972,-0.000134,0.080494,0.002166,0.154724,0.017000,False
10,22,0.042949,0.026739,0.059646,0.135935,0.017650,0.244765,0.000000,True,0.048680,0.031373,0.066976,0.135405,0.027506,0.235921,0.000000,True
24,22,-0.014021,-0.016962,-0.011198,0.135680,0.048127,0.227262,0.000000,True,-0.013499,-0.018398,-0.008585,0.074402,0.010985,0.132832,0.044000,False
2,19,-0.001482,-0.002256,-0.000673,0.135676,0.048067,0.215267,0.015000,False,-0.002116,-0.002913,-0.001291,-0.111415,-0.159603,-0.060334,0.001000,False
14,14,0.016082,0.011290,0.020679,0.135211,0.052909,0.224701,0.000000,True,0.023298,0.018739,0.027658,0.081095,0.005760,0.151617,0.029000,False
19,30,-0.000726,-0.002225,0.000617,0.134856,0.053149,0.214272,0.002000,False,0.002332,0.000629,0.004055,-0.023091,-0.087640,0.037816,0.539000,False
20,1,-0.037154,-0.047561,-0.027202,0.134461,0.067428,0.198105,0.000000,True,-0.036588,-0.047563,-0.025993,0.125446,0.059126,0.187617,0.000000,True
29,7,0.000579,0.000326,0.000805,0.133846,0.046921,0.237550,0.004000,False,0.000002,-0.000262,0.000243,-0.131808,-0.177449,-0.090242,0.000000,True
26,30,0.004270,-0.003265,0.011104,0.133762,0.054662,0.220058,0.000000,True,0.007909,-0.001857,0.016568,0.120675,0.039947,0.197773,0.000000,True
30,26,-0.036251,-0.043076,-0.029474,0.113625,0.030863,0.190594,0.000000,True,-0.025023,-0.033610,-0.016962,0.133557,0.052751,0.210339,0.000000,True
26,3,-0.021771,-0.034799,-0.010040,0.066927,-0.015366,0.144583,0.053000,False,-0.003995,-0.018301,0.008650,0.133007,0.053676,0.209432,0.001000,False
18,12,-0.025129,-0.029713,-0.020367,0.132822,0.058941,0.200562,0.000000,True,-0.029486,-0.034340,-0.024186,0.037689,-0.028026,0.098355,0.285000,False
30,17,-0.001830,-0.002723,-0.001002,0.047427,-0.020638,0.122115,0.232000,False,-0.003696,-0.005737,-0.001624,-0.132678,-0.215549,-0.048945,0.000000,True
7,24,0.003595,0.000855,0.006306,-0.025640,-0.105495,0.051919,0.434000,False,-0.004259,-0.008607,0.000114,0.132148,0.045225,0.214817,0.000000,True
31,21,0.021315,0.017156,0.025571,0.132076,0.056135,0.204012,0.001000,False,0.023926,0.020101,0.027879,0.112991,0.039965,0.178370,0.002000,False
13,19,-0.000351,-0.003683,0.002807,0.086641,-0.001990,0.170027,0.002000,False,-0.004269,-0.009288,0.000538,0.131860,0.037449,0.220169,0.000000,True
20,9,0.006502,0.002179,0.010607,0.131763,0.059857,0.206944,0.000000,True,0.007095,0.001858,0.012247,0.083103,0.004901,0.157122,0.013000,False
1,13,0.000042,-0.000049,0.000126,0.131344,0.053261,0.220619,0.000000,True,0.000102,0.000004,0.000196,0.024994,-0.044386,0.088657,0.438000,False
17,13,0.015732,0.011704,0.019696,0.053893,-0.023753,0.137504,0.404000,False,0.011065,0.005707,0.016265,-0.131139,-0.202587,-0.061586,0.001000,False
15,1,0.004827,-0.000601,0.009913,0.071416,0.003026,0.147265,0.131000,False,0.002995,-0.002985,0.008533,0.131115,0.070755,0.203618,0.003000,False
11,23,0.011130,0.007650,0.014802,0.125937,0.026318,0.223179,0.000000,True,0.008426,0.005091,0.011775,0.130945,0.040387,0.218264,0.000000,True
27,20,-0.015684,-0.020304,-0.011492,-0.003103,-0.098667,0.090059,0.940000,False,-0.015098,-0.021150,-0.009441,-0.130067,-0.241472,-0.040724,0.000000,True
30,15,-0.000308,-0.004671,0.003963,0.129891,0.059685,0.200327,0.000000,True,0.003154,-0.001735,0.008033,0.049820,-0.013873,0.108814,0.191000,False
9,14,0.007018,0.004501,0.009598,0.128489,0.042417,0.220437,0.000000,True,0.008105,0.005062,0.011186,-0.000129,-0.067022,0.063605,0.999000,False
15,16,-0.026200,-0.030910,-0.021409,0.106437,0.027438,0.184758,0.001000,False,-0.034170,-0.041140,-0.027410,0.128105,0.052468,0.200427,0.001000,False
23,22,-0.008613,-0.012877,-0.004363,0.123874,0.053928,0.195309,0.000000,True,-0.007137,-0.012617,-0.001581,0.127632,0.059072,0.193832,0.000000,True
22,8,-0.001153,-0.005722,0.003287,0.125481,0.044857,0.210205,0.000000,True,-0.000423,-0.005974,0.004820,0.056816,-0.019357,0.132483,0.119000,False
22,5,0.000897,0.000480,0.001386,0.008281,-0.050216,0.067736,0.834000,False,-0.001655,-0.002812,-0.000469,0.125290,0.069094,0.193139,0.000000,True
30,27,-0.011985,-0.014847,-0.009134,0.124618,0.039027,0.205271,0.000000,True,-0.019697,-0.026623,-0.012794,0.112664,0.028606,0.192806,0.006000,False
19,6,-0.000703,-0.000946,-0.000467,0.118241,0.031485,0.212046,0.001000,False,-0.001283,-0.001696,-0.000899,-0.124257,-0.203466,-0.043830,0.000000,True
22,27,-0.015575,-0.021312,-0.010010,0.124175,0.052919,0.190024,0.001000,False,-0.019796,-0.026048,-0.013394,0.067612,-0.008390,0.137432,0.064000,False
13,0,-0.006194,-0.008532,-0.003817,0.113213,0.032909,0.190321,0.000000,True,-0.008448,-0.011533,-0.005394,0.123865,0.039947,0.204686,0.000000,True
20,24,-0.041675,-0.055302,-0.030634,0.000082,-0.068707,0.072670,0.999000,False,-0.039885,-0.054283,-0.028233,-0.123364,-0.199231,-0.059673,0.000000,True
22,28,0.003532,0.000838,0.006102,-0.123246,-0.194234,-0.056642,0.006000,False,0.006501,0.002559,0.010282,-0.056075,-0.131100,0.011633,0.126000,False
28,29,-0.000787,-0.001749,0.000152,0.123122,0.049584,0.218319,0.003000,False,0.002841,0.001009,0.004841,0.052106,-0.022845,0.132041,0.129000,False
18,9,-0.035282,-0.042174,-0.028576,0.123120,0.044448,0.202293,0.000000,True,-0.032071,-0.041287,-0.023288,0.005794,-0.068505,0.077872,0.849000,False
21,4,0.000115,-0.000131,0.000340,0.122333,0.046336,0.201612,0.000000,True,0.001185,0.000687,0.001664,0.101269,0.031520,0.166463,0.002000,False
25,4,0.010838,0.009043,0.012713,-0.121934,-0.182369,-0.049865,0.016000,False,0.010997,0.008823,0.013245,-0.077410,-0.142908,-0.021258,0.028000,False
23,12,-0.018732,-0.024357,-0.013914,0.095355,0.020347,0.172858,0.003000,False,-0.016137,-0.022255,-0.010535,0.121121,0.042882,0.195979,0.000000,True
22,14,-0.010411,-0.031973,0.010100,-0.094764,-0.168590,-0.022745,0.018000,False,-0.006228,-0.027447,0.013956,-0.120390,-0.200496,-0.042892,0.007000,False
19,10,-0.004414,-0.005718,-0.003090,0.087468,0.017827,0.160062,0.006000,False,-0.003874,-0.005571,-0.002107,0.120383,0.047499,0.190899,0.001000,False
1,29,-0.002773,-0.003253,-0.002324,0.070087,-0.017590,0.158783,0.087000,False,-0.002032,-0.002509,-0.001590,0.120343,0.033334,0.204012,0.000000,True
21,15,-0.002373,-0.003747,-0.001126,0.120233,0.024408,0.224052,0.001000,False,-0.000592,-0.002216,0.000961,-0.007506,-0.078862,0.071859,0.829000,False
21,28,-0.000349,-0.000674,-0.000032,-0.118868,-0.171316,-0.070495,0.000000,True,0.000010,-0.000911,0.000993,-0.119679,-0.207999,-0.037468,0.000000,True
30,21,0.008879,0.004680,0.013041,-0.119580,-0.180575,-0.055797,0.019000,False,-0.010754,-0.018918,-0.002731,0.020820,-0.063308,0.100083,0.869000,False
30,2,-0.021519,-0.027915,-0.015458,0.105584,0.018013,0.194499,0.003000,False,-0.008317,-0.016450,-0.000825,0.118867,0.036027,0.199477,0.000000,True
9,31,-0.020832,-0.029016,-0.013291,0.087507,0.021387,0.150828,0.058000,False,-0.023149,-0.031536,-0.014930,-0.118718,-0.196759,-0.039314,0.001000,False
11,15,0.010054,0.005006,0.015376,0.118689,0.014319,0.216963,0.000000,True,0.003709,-0.003284,0.010902,0.043949,-0.044610,0.128494,0.202000,False
29,26,-0.000053,-0.000161,0.000040,0.040727,-0.033550,0.110663,0.272000,False,0.000284,0.000095,0.000465,0.118643,0.054275,0.188344,0.000000,True
16,24,-0.027726,-0.035510,-0.019920,0.117754,0.052511,0.184619,0.001000,False,-0.036544,-0.047408,-0.026177,-0.027039,-0.090426,0.030315,0.393000,False
16,6,-0.007980,-0.010804,-0.005063,0.117543,0.047283,0.188579,0.001000,False,-0.008343,-0.012785,-0.003931,0.092413,0.019128,0.160481,0.003000,False
6,31,-0.000914,-0.001464,-0.000357,0.117336,0.048217,0.205669,0.000000,True,-0.002171,-0.002942,-0.001422,0.014136,-0.038483,0.070240,0.674000,False
20,25,0.010312,0.006661,0.013893,-0.068133,-0.131607,-0.004367,0.051000,False,0.011541,0.007811,0.015249,-0.117116,-0.194585,-0.041007,0.000000,True
24,18,-0.023618,-0.031110,-0.016678,0.116966,0.032798,0.192391,0.000000,True,-0.019872,-0.027448,-0.012885,0.075337,-0.018508,0.156745,0.013000,False
29,3,0.002901,0.002302,0.003531,0.017005,-0.074843,0.113768,0.812000,False,0.003594,0.002822,0.004352,-0.116959,-0.199355,-0.036960,0.009000,False
4,6,0.001142,-0.005032,0.006266,-0.061120,-0.126467,0.006944,0.065000,False,0.002331,-0.004119,0.007994,-0.116560,-0.171778,-0.064066,0.000000,True
15,13,-0.005759,-0.008783,-0.002787,0.106152,0.020890,0.191464,0.002000,False,-0.010561,-0.014059,-0.007111,0.116039,0.032664,0.192789,0.001000,False
23,28,-0.006624,-0.008799,-0.004538,0.115593,0.036630,0.196696,0.001000,False,0.002432,-0.000551,0.005292,0.112593,0.033836,0.188615,0.001000,False
24,20,-0.036163,-0.044062,-0.028618,0.087873,-0.003005,0.173745,0.066000,False,-0.035045,-0.043753,-0.026634,0.115267,0.031513,0.186840,0.007000,False
13,6,-0.005553,-0.009756,-0.001196,-0.019677,-0.100601,0.060175,0.592000,False,-0.002182,-0.007615,0.003373,0.115185,0.036628,0.190842,0.000000,True
21,1,0.012263,0.006368,0.017830,-0.115025,-0.177806,-0.048242,0.101000,False,0.011458,0.005224,0.017337,0.019965,-0.043594,0.080951,0.585000,False
17,23,-0.007282,-0.009404,-0.005257,0.114658,0.042329,0.183037,0.000000,True,-0.012332,-0.015824,-0.008993,-0.089516,-0.160608,-0.019751,0.009000,False
17,21,0.006888,-0.003900,0.018003,0.114451,0.032961,0.194803,0.002000,False,0.000222,-0.012594,0.013971,0.105888,0.026256,0.181992,0.002000,False
20,27,0.002930,0.001207,0.004671,0.114363,0.023458,0.204629,0.000000,True,0.004012,0.001512,0.006434,0.105738,0.020255,0.191770,0.004000,False
15,3,0.025506,0.017374,0.034581,0.044409,-0.028102,0.128458,0.486000,False,0.024183,0.016427,0.032654,0.114220,0.041198,0.195941,0.004000,False
16,19,-0.059680,-0.075283,-0.045152,0.076138,0.017605,0.133629,0.026000,False,-0.055626,-0.073430,-0.038643,0.113147,0.046792,0.175125,0.001000,False
20,22,0.006426,0.005231,0.007579,0.069905,-0.012849,0.149777,0.109000,False,0.007302,0.005874,0.008699,0.112940,0.040170,0.183834,0.001000,False
4,23,0.003624,0.002660,0.004790,0.089527,-0.012368,0.180805,0.006000,False,0.004064,0.003095,0.005220,-0.112114,-0.173232,-0.045535,0.002000,False
25,3,0.001038,0.000823,0.001264,-0.055487,-0.140125,0.002486,0.074000,False,-0.002116,-0.003446,-0.000842,-0.111862,-0.198011,-0.022692,0.001000,False
15,31,-0.001944,-0.003487,-0.000840,0.066931,0.008924,0.153582,0.079000,False,-0.002877,-0.004458,-0.001692,0.111797,0.035010,0.203876,0.000000,True
20,5,-0.000529,-0.000658,-0.000412,0.071520,0.005684,0.156704,0.023000,False,-0.000980,-0.001201,-0.000759,-0.111626,-0.212855,-0.017214,0.000000,True
23,18,0.001212,0.000888,0.001538,0.111209,0.005997,0.223537,0.001000,False,0.000034,-0.001095,0.001209,-0.025649,-0.120242,0.054507,0.512000,False
17,30,0.001444,-0.001596,0.003594,0.111061,0.023132,0.214671,0.001000,False,0.001785,-0.001635,0.004318,0.071973,-0.014863,0.168934,0.032000,False
31,14,-0.000184,-0.000247,-0.000128,0.110950,0.030043,0.214514,0.002000,False,-0.000329,-0.000416,-0.000249,-0.015666,-0.082039,0.069900,0.689000,False
24,23,-0.069339,-0.084069,-0.054683,0.110655,0.023068,0.190482,0.022000,False,-0.065891,-0.081863,-0.049649,0.108612,0.014923,0.191171,0.022000,False
31,30,-0.000009,-0.001138,0.001140,0.020660,-0.037282,0.073970,0.580000,False,0.001594,-0.001233,0.004455,-0.110141,-0.183852,-0.047689,0.002000,False
21,11,-0.032999,-0.039946,-0.026312,0.110056,0.028057,0.198158,0.000000,True,-0.027591,-0.036584,-0.018525,0.041407,-0.026486,0.106943,0.236000,False
26,14,0.004585,0.003317,0.005811,-0.070826,-0.135408,-0.007353,0.205000,False,0.006980,0.004341,0.009722,-0.109280,-0.205155,-0.025955,0.001000,False
20,7,-0.000170,-0.000245,-0.000096,0.065661,0.002085,0.137345,0.043000,False,-0.000066,-0.000263,0.000115,-0.108561,-0.209470,-0.009993,0.001000,False
26,26,-0.003054,-0.003804,-0.002430,0.108540,0.026699,0.199657,0.001000,False,-0.001868,-0.002760,-0.001047,0.003576,-0.076234,0.082795,0.947000,False
24,10,-0.000705,-0.000890,-0.000548,0.108472,0.044532,0.175178,0.002000,False,-0.000993,-0.001285,-0.000711,-0.030222,-0.103747,0.035742,0.389000,False
16,0,-0.002919,-0.008072,0.002172,-0.021398,-0.098204,0.047141,0.508000,False,-0.007107,-0.014149,-0.000546,-0.108149,-0.203245,-0.021986,0.001000,False
2,21,-0.000220,-0.000272,-0.000170,0.064393,-0.011047,0.134871,0.055000,False,-0.000578,-0.000704,-0.000467,-0.107818,-0.189887,-0.022673,0.001000,False
29,27,-0.000082,-0.000225,0.000038,0.065647,-0.005498,0.133997,0.085000,False,0.000260,0.000026,0.000466,0.107090,0.035389,0.179364,0.000000,True
19,2,-0.029711,-0.042681,-0.016242,-0.069456,-0.142883,0.004182,0.022000,False,-0.030707,-0.043625,-0.017200,-0.106309,-0.174439,-0.038838,0.001000,False
30,11,-0.000372,-0.001492,0.001157,-0.053171,-0.103921,0.048956,0.160000,False,0.000994,-0.000864,0.003145,-0.105989,-0.169832,-0.035527,0.004000,False
15,12,0.007173,-0.000066,0.014845,0.078721,-0.003812,0.158051,0.036000,False,0.004640,-0.002672,0.012281,0.105606,0.017488,0.193122,0.003000,False
21,31,-0.003936,-0.005963,-0.001933,0.015227,-0.054184,0.080234,0.636000,False,-0.003626,-0.006219,-0.001205,-0.105264,-0.169138,-0.051268,0.002000,False
13,15,-0.008358,-0.011095,-0.005755,0.105153,0.026763,0.176608,0.000000,True,-0.017575,-0.022795,-0.012293,-0.062671,-0.116234,-0.013955,0.057000,False
17,2,0.009245,0.005595,0.012877,0.096150,0.042457,0.152643,0.009000,False,0.006973,0.002842,0.011090,0.104982,0.035289,0.177425,0.003000,False
22,11,0.018689,0.013517,0.024058,0.103725,0.026723,0.175624,0.006000,False,0.017518,0.012919,0.022379,0.062655,-0.012490,0.132859,0.080000,False
20,29,0.001451,-0.000465,0.003151,0.103527,0.020966,0.193575,0.005000,False,0.004119,0.002043,0.006152,0.094014,0.015919,0.178081,0.004000,False
19,13,-0.072565,-0.086812,-0.057741,0.031702,-0.044147,0.110020,0.556000,False,-0.072940,-0.088183,-0.057051,-0.103424,-0.173408,-0.035197,0.008000,False
24,25,0.008881,0.004976,0.012641,-0.007098,-0.077801,0.059682,0.921000,False,0.011080,0.006787,0.015073,-0.102497,-0.202510,-0.012129,0.012000,False
5,20,0.001845,0.001559,0.002140,0.024274,-0.050396,0.102223,0.463000,False,-0.003582,-0.004217,-0.002972,-0.102231,-0.182496,-0.016350,0.001000,False
25,0,0.000126,-0.000036,0.000290,0.069663,-0.003540,0.136389,0.083000,False,-0.003661,-0.004648,-0.002685,-0.101744,-0.188990,-0.011268,0.006000,False
15,28,-0.002057,-0.003724,-0.000635,0.019178,-0.074128,0.101272,0.527000,False,-0.004849,-0.006778,-0.002939,0.100614,0.021834,0.178698,0.003000,False
22,3,-0.045679,-0.051449,-0.039621,-0.007114,-0.077464,0.072626,0.848000,False,-0.044583,-0.050582,-0.038273,-0.100333,-0.163479,-0.029620,0.014000,False
18,29,-0.002426,-0.006686,0.001867,0.100198,0.025390,0.176223,0.003000,False,0.002099,-0.002869,0.006995,0.086735,0.009191,0.165028,0.008000,False
26,12,-0.023899,-0.030697,-0.017691,0.042533,-0.044711,0.128549,0.257000,False,-0.023627,-0.030794,-0.016896,-0.099907,-0.211551,-0.002798,0.002000,False
28,27,0.019676,0.014813,0.024788,-0.099529,-0.165796,-0.031399,0.153000,False,0.025512,0.020822,0.030413,-0.003875,-0.073919,0.067176,0.943000,False
28,19,-0.003024,-0.003991,-0.002141,0.099479,0.026092,0.172008,0.003000,False,-0.016492,-0.019787,-0.013185,-0.038732,-0.136304,0.055408,0.753000,False
29,16,0.005707,0.004181,0.007261,0.003816,-0.061873,0.072674,0.945000,False,-0.005828,-0.009144,-0.002540,-0.099358,-0.188556,-0.007455,0.000000,True
29,24,-0.000032,-0.000209,0.000110,0.064310,-0.001417,0.133000,0.093000,False,0.000372,0.000113,0.000629,0.099148,0.020822,0.178312,0.015000,False
28,25,0.017133,0.014528,0.019667,0.099067,-0.018831,0.229907,0.123000,False,0.021949,0.018880,0.024903,0.083778,0.020589,0.148003,0.047000,False
10,14,0.001903,-0.003171,0.007145,-0.098051,-0.159468,-0.032810,0.002000,False,0.006180,0.000527,0.011940,-0.040075,-0.097957,0.020539,0.201000,False
25,23,-0.000575,-0.001086,-0.000216,0.082792,0.025154,0.200009,0.039000,False,-0.001307,-0.001971,-0.000786,0.097816,0.016699,0.181869,0.005000,False
25,17,-0.003167,-0.006280,-0.000351,0.097579,0.032474,0.163868,0.007000,False,-0.003496,-0.006247,-0.000909,-0.018927,-0.093614,0.040421,0.610000,False
11,18,0.002874,0.000851,0.005060,0.097420,0.011699,0.188664,0.004000,False,-0.006480,-0.009974,-0.003157,-0.067855,-0.123031,-0.020264,0.046000,False
17,28,-0.017718,-0.025042,-0.010377,0.096499,0.015854,0.172779,0.002000,False,-0.020201,-0.029302,-0.010899,0.068127,-0.016688,0.148294,0.044000,False
12,10,0.005785,0.001432,0.010115,0.095015,-0.010086,0.188665,0.003000,False,0.002827,-0.002038,0.007958,-0.008193,-0.101464,0.080324,0.824000,False
20,30,0.003908,-0.004209,0.012047,-0.066698,-0.113731,-0.013979,0.108000,False,0.001457,-0.006689,0.009639,-0.094804,-0.153720,-0.036961,0.010000,False
6,14,0.004295,0.002185,0.006421,0.058889,-0.024864,0.136865,0.110000,False,0.000795,-0.001327,0.002928,0.093207,0.000403,0.177905,0.004000,False
16,23,-0.005261,-0.007425,-0.003160,-0.062283,-0.130972,0.010561,0.106000,False,-0.007820,-0.010697,-0.005035,-0.092711,-0.166443,-0.019707,0.009000,False
17,26,0.006948,-0.001349,0.015502,0.084915,0.018160,0.153416,0.014000,False,0.012195,0.002117,0.021747,0.091930,0.014940,0.165398,0.008000,False
11,24,0.014320,0.010189,0.018540,0.080934,-0.012809,0.176089,0.015000,False,0.015483,0.009207,0.021379,-0.091770,-0.166336,-0.023407,0.006000,False
18,16,0.015966,0.009921,0.022710,-0.091504,-0.144673,-0.028719,0.130000,False,0.020420,0.014121,0.027288,-0.000400,-0.069381,0.075463,0.998000,False
30,12,-0.016174,-0.021637,-0.010982,0.090955,-0.012883,0.188952,0.024000,False,-0.014478,-0.022713,-0.006560,-0.053403,-0.169971,0.056458,0.305000,False
22,10,0.016126,0.010254,0.022162,0.010374,-0.063456,0.083309,0.865000,False,0.016306,0.009831,0.022757,-0.089987,-0.150220,-0.030420,0.011000,False
29,18,0.000919,0.000604,0.001237,0.077392,-0.004726,0.167419,0.017000,False,-0.001465,-0.002351,-0.000566,-0.089588,-0.195251,0.012847,0.015000,False
23,31,-0.001052,-0.002072,-0.000269,0.060919,0.005736,0.143389,0.128000,False,-0.000881,-0.001958,0.000028,0.088906,0.034936,0.157941,0.013000,False
22,2,0.013619,0.005909,0.021148,-0.088438,-0.166787,-0.015687,0.055000,False,0.016950,0.009107,0.024394,-0.076795,-0.158564,0.001038,0.056000,False
2,20,-0.000202,-0.000291,-0.000114,0.034011,-0.040297,0.098813,0.357000,False,0.000216,0.000136,0.000292,-0.087882,-0.172801,0.001780,0.004000,False
28,15,-0.082080,-0.103328,-0.062429,-0.024164,-0.093891,0.048383,0.567000,False,-0.084446,-0.105793,-0.064395,-0.087344,-0.165656,-0.013969,0.020000,False
18,25,-0.010938,-0.014675,-0.007380,0.085179,0.008445,0.162672,0.002000,False,-0.005684,-0.009563,-0.002015,0.061372,-0.020064,0.140262,0.052000,False
11,14,-0.000498,-0.002645,0.001666,0.084007,0.000364,0.160782,0.009000,False,-0.007198,-0.010294,-0.004018,0.002884,-0.076289,0.072434,0.934000,False
30,3,-0.003416,-0.004401,-0.002450,-0.061377,-0.127624,0.005441,0.046000,False,-0.001622,-0.003472,0.000348,-0.083804,-0.166307,-0.003466,0.025000,False
19,8,0.009091,0.004422,0.013288,0.083249,0.014171,0.155034,0.008000,False,0.012938,0.007668,0.017757,0.075627,-0.002906,0.152888,0.009000,False
24,21,-0.002297,-0.003417,-0.001312,-0.036371,-0.097121,0.038013,0.399000,False,-0.003751,-0.005340,-0.002199,-0.082760,-0.157696,-0.015603,0.011000,False
18,31,-0.001836,-0.003626,-0.000201,-0.045900,-0.106204,0.012970,0.269000,False,-0.003638,-0.006221,-0.001283,-0.082560,-0.142293,-0.027948,0.035000,False
14,20,-0.033367,-0.048712,-0.019587,-0.006182,-0.070406,0.061406,0.902000,False,-0.039527,-0.058515,-0.022312,0.082044,0.012452,0.151283,0.045000,False
21,3,-0.000616,-0.001419,0.000187,0.081924,0.011382,0.162861,0.010000,False,-0.001338,-0.003292,0.000623,-0.007067,-0.084243,0.073524,0.851000,False
16,7,-0.009646,-0.011776,-0.007590,0.063701,-0.022330,0.147966,0.098000,False,-0.012045,-0.015163,-0.008730,0.081523,0.003538,0.153181,0.018000,False
24,16,0.009056,0.004467,0.013736,0.078480,-0.003445,0.157977,0.057000,False,0.009548,0.004591,0.014464,-0.080016,-0.187108,0.017537,0.029000,False
22,15,-0.046413,-0.058548,-0.034584,-0.065154,-0.164010,0.026326,0.098000,False,-0.041138,-0.054168,-0.028771,-0.078623,-0.176508,0.008102,0.027000,False
21,2,-0.030120,-0.039664,-0.021394,0.015591,-0.054923,0.088139,0.678000,False,-0.023692,-0.034502,-0.013222,0.078193,-0.012034,0.166181,0.033000,False
27,28,0.000956,-0.000161,0.002031,-0.078153,-0.152421,-0.029005,0.067000,False,-0.032509,-0.043841,-0.020707,0.045555,-0.011843,0.107785,0.212000,False
21,25,0.003205,0.000999,0.005557,0.077931,-0.007192,0.160468,0.039000,False,0.000985,-0.003151,0.004964,-0.050148,-0.137153,0.024740,0.195000,False
3,12,0.006744,0.004482,0.009211,-0.073661,-0.164557,0.009982,0.207000,False,0.006513,0.004446,0.008721,-0.077829,-0.141730,-0.010587,0.032000,False
18,22,-0.003172,-0.007835,0.001222,0.077798,0.009036,0.147055,0.014000,False,-0.009086,-0.015562,-0.003042,0.000192,-0.071399,0.069676,0.997000,False
17,31,-0.044119,-0.058555,-0.029920,0.074346,0.001008,0.147196,0.015000,False,-0.050835,-0.066761,-0.034385,-0.016673,-0.095084,0.062066,0.611000,False
18,18,0.000231,-0.001224,0.001749,0.031145,-0.033514,0.091801,0.420000,False,0.000133,-0.001955,0.002455,-0.073340,-0.141816,-0.010033,0.056000,False
14,16,-0.001364,-0.003114,0.000344,0.048480,-0.047290,0.149969,0.135000,False,-0.001994,-0.004333,0.000279,0.073009,-0.014877,0.156361,0.027000,False
27,23,-0.005196,-0.034419,0.023555,0.071827,-0.007803,0.146879,0.098000,False,-0.004986,-0.034298,0.023717,0.064815,-0.017597,0.141224,0.132000,False
18,17,-0.003616,-0.005014,-0.002406,0.007043,-0.034608,0.058356,0.846000,False,-0.004149,-0.005848,-0.002660,-0.070997,-0.138674,-0.016480,0.087000,False
18,30,-0.006802,-0.011709,-0.002187,0.070482,0.008232,0.131220,0.077000,False,-0.009562,-0.015430,-0.003591,0.055510,-0.011052,0.112191,0.110000,False
30,25,-0.003219,-0.004605,-0.001788,0.070008,-0.004576,0.143961,0.040000,False,0.006026,0.003679,0.008194,0.031044,-0.037013,0.100164,0.441000,False
19,14,-0.023486,-0.032272,-0.015121,0.039696,-0.031739,0.111717,0.417000,False,-0.025822,-0.037516,-0.014693,-0.068480,-0.155814,0.009996,0.120000,False
20,13,-0.045562,-0.063205,-0.028322,-0.014282,-0.092801,0.060596,0.656000,False,-0.048429,-0.066744,-0.030495,-0.066970,-0.151265,0.012846,0.032000,False
17,25,-0.023911,-0.045557,-0.001889,0.066757,-0.011655,0.137673,0.045000,False,-0.025828,-0.048893,-0.002271,0.059600,-0.017124,0.129320,0.071000,False
30,14,-0.003915,-0.008363,0.000238,0.047950,-0.021580,0.116474,0.387000,False,-0.002440,-0.008211,0.003165,0.066563,-0.012696,0.142073,0.158000,False
9,13,0.015641,0.010244,0.021259,0.066110,-0.013090,0.148782,0.092000,False,0.017462,0.011209,0.023883,-0.004321,-0.074896,0.066823,0.907000,False
7,10,0.008378,0.003760,0.013473,0.062778,-0.038828,0.172282,0.075000,False,0.013590,0.008094,0.019218,-0.062051,-0.148417,0.029115,0.052000,False
25,5,-0.098244,-0.114411,-0.082420,0.062674,-0.059445,0.177737,0.714000,False,-0.097618,-0.114148,-0.081321,0.022580,-0.097367,0.131932,0.964000,False
26,13,-0.077045,-0.101133,-0.054504,-0.014857,-0.108151,0.075729,0.672000,False,-0.081055,-0.105040,-0.058719,-0.062588,-0.167505,0.036526,0.051000,False
13,9,-0.001066,-0.006333,0.004527,0.061492,-0.030574,0.139885,0.060000,False,-0.006969,-0.013622,0.000201,-0.026106,-0.100279,0.043951,0.433000,False
26,29,-0.021592,-0.027815,-0.016179,-0.003454,-0.081507,0.077163,0.949000,False,-0.018182,-0.025338,-0.011164,0.061245,-0.004890,0.121772,0.113000,False
24,17,-0.013338,-0.017141,-0.009625,0.061229,-0.029824,0.163442,0.068000,False,-0.013014,-0.017008,-0.008999,-0.011500,-0.096862,0.063266,0.770000,False
17,24,-0.012694,-0.023623,-0.002371,-0.037382,-0.087169,0.014481,0.270000,False,-0.010615,-0.021406,-0.000590,-0.060936,-0.123584,0.003204,0.071000,False
18,28,-0.037449,-0.050912,-0.024881,0.047633,-0.008210,0.106838,0.114000,False,-0.037378,-0.051365,-0.024199,0.060891,0.000260,0.122376,0.050000,False
17,15,-0.004956,-0.007798,-0.002133,0.060747,-0.023757,0.149843,0.090000,False,-0.006479,-0.010408,-0.002828,0.017304,-0.061176,0.096580,0.620000,False
21,29,-0.002437,-0.008409,0.003114,-0.009587,-0.078120,0.063814,0.868000,False,-0.002927,-0.009199,0.002812,-0.060099,-0.133532,0.019103,0.201000,False
27,7,-0.064520,-0.084105,-0.045787,-0.039104,-0.122699,0.041636,0.248000,False,-0.064610,-0.084472,-0.045724,-0.058793,-0.151806,0.026719,0.086000,False
13,27,-0.010654,-0.016194,-0.005628,-0.034395,-0.127612,0.066424,0.312000,False,-0.011339,-0.017664,-0.005560,-0.058383,-0.140560,0.027158,0.080000,False
14,28,-0.005259,-0.012135,0.001427,-0.013268,-0.078533,0.048510,0.731000,False,-0.002315,-0.010622,0.005989,0.057824,-0.017553,0.130111,0.087000,False
20,23,0.018102,0.011994,0.024288,-0.056687,-0.103439,-0.010555,0.246000,False,0.023561,0.016451,0.030740,-0.020527,-0.088123,0.044739,0.602000,False
22,0,0.171068,0.137474,0.204120,-0.054928,-0.134663,0.023641,0.832000,False,0.171350,0.138362,0.204003,-0.056357,-0.136435,0.022629,0.784000,False
13,5,0.034441,0.027480,0.041887,-0.055942,-0.135228,0.030057,0.244000,False,0.030520,0.022084,0.038995,-0.000682,-0.069722,0.069007,0.987000,False
27,6,-0.073302,-0.116901,-0.031929,0.051945,-0.029634,0.128218,0.120000,False,-0.073613,-0.117200,-0.032135,0.041636,-0.041445,0.119997,0.198000,False
25,12,-0.000138,-0.001970,0.002239,-0.043539,-0.120377,0.024572,0.230000,False,-0.000958,-0.003383,0.002264,-0.051518,-0.123337,0.006542,0.186000,False
18,4,-0.000730,-0.004584,0.002557,-0.040592,-0.114415,0.038102,0.282000,False,-0.000526,-0.004421,0.002757,-0.050996,-0.136594,0.030624,0.154000,False
27,31,0.000316,0.000080,0.000556,-0.049869,-0.105710,0.017348,0.178000,False,-0.001423,-0.002162,-0.000694,-0.014848,-0.077683,0.046064,0.684000,False
20,2,0.002464,0.001001,0.003954,0.049393,-0.006487,0.104138,0.131000,False,0.002528,0.000873,0.004216,-0.039840,-0.113531,0.027804,0.259000,False
18,20,0.002225,-0.001461,0.006098,0.029760,-0.022444,0.083665,0.381000,False,0.003972,-0.000509,0.008390,0.048980,-0.018569,0.112147,0.146000,False
17,27,0.005844,-0.002458,0.014001,0.045361,-0.023747,0.115578,0.163000,False,0.001678,-0.006528,0.010062,-0.047428,-0.121593,0.021255,0.158000,False
20,26,-0.010313,-0.014537,-0.006327,0.047260,-0.034357,0.129053,0.152000,False,-0.003471,-0.010251,0.002806,-0.026569,-0.104385,0.045118,0.451000,False
19,0,-0.078151,-0.093957,-0.062427,0.025666,-0.062602,0.112221,0.730000,False,-0.080057,-0.096063,-0.064014,-0.046554,-0.141984,0.048487,0.444000,False
20,15,-0.051997,-0.066394,-0.038545,-0.011267,-0.112425,0.092118,0.756000,False,-0.052149,-0.066831,-0.038322,-0.045546,-0.148004,0.058590,0.206000,False
31,29,0.001700,0.001111,0.002290,0.044601,-0.020972,0.113927,0.176000,False,0.000733,-0.000895,0.002353,-0.028213,-0.080285,0.012599,0.522000,False
24,24,0.028348,0.021109,0.036710,-0.020404,-0.107590,0.067676,0.813000,False,0.030389,0.023153,0.038723,-0.041693,-0.125474,0.034013,0.447000,False
16,11,-0.002496,-0.003243,-0.001781,0.027766,-0.031475,0.083986,0.409000,False,-0.002815,-0.003943,-0.001732,-0.041552,-0.105443,0.018458,0.203000,False
30,30,-0.033694,-0.046364,-0.022259,0.040522,-0.069067,0.133698,0.277000,False,-0.031666,-0.044422,-0.020208,0.038735,-0.061111,0.126537,0.321000,False
17,18,-0.013207,-0.016619,-0.010012,-0.019693,-0.095357,0.059953,0.541000,False,-0.016517,-0.020791,-0.012401,-0.040353,-0.116616,0.034457,0.224000,False
19,3,-0.054236,-0.076890,-0.032870,-0.013936,-0.079277,0.058683,0.708000,False,-0.052677,-0.076151,-0.030248,-0.039801,-0.109031,0.032061,0.283000,False
23,14,0.003507,0.000341,0.006656,0.031191,-0.043161,0.120740,0.395000,False,0.011525,0.006917,0.016052,-0.037863,-0.089219,0.019087,0.332000,False
24,26,-0.003266,-0.010666,0.002035,0.014513,-0.055323,0.084345,0.719000,False,0.003856,-0.003866,0.009774,0.037485,-0.030936,0.099732,0.345000,False
26,31,-0.013848,-0.018389,-0.009496,0.010531,-0.087780,0.100521,0.758000,False,-0.014191,-0.019093,-0.009411,0.037423,-0.056546,0.113617,0.295000,False
20,14,-0.029379,-0.044411,-0.015161,0.017206,-0.049901,0.078863,0.639000,False,-0.024576,-0.039807,-0.010054,-0.037335,-0.112795,0.028873,0.285000,False
21,26,0.004038,-0.000118,0.008931,0.032250,-0.038152,0.114706,0.363000,False,0.014425,0.009451,0.020046,0.036768,-0.045034,0.118304,0.303000,False
19,23,-0.013507,-0.021543,-0.005696,0.020723,-0.049424,0.098681,0.670000,False,-0.018965,-0.027263,-0.010932,0.034767,-0.039063,0.107600,0.388000,False
0,29,-0.000000,-0.000000,-0.000000,0.024464,-0.008231,0.184614,0.415000,False,-0.000000,-0.000000,-0.000000,-0.034218,-0.063130,-0.008473,0.312000,False
29,9,-0.025685,-0.029626,-0.021618,-0.026142,-0.120509,0.057393,0.546000,False,-0.029931,-0.036239,-0.023607,-0.033613,-0.126074,0.049996,0.329000,False
19,26,-0.000834,-0.001361,-0.000422,0.032746,-0.031428,0.139591,0.575000,False,-0.001103,-0.001878,-0.000508,-0.023751,-0.061310,0.021503,0.611000,False
20,3,-0.001678,-0.003823,0.000186,0.032181,-0.039476,0.103060,0.487000,False,-0.001689,-0.004464,0.000606,0.029218,-0.047364,0.103607,0.474000,False
16,21,-0.013446,-0.019278,-0.007809,0.012347,-0.054979,0.079889,0.709000,False,-0.014317,-0.020556,-0.008171,0.030809,-0.034893,0.097810,0.365000,False
23,23,-0.015888,-0.019789,-0.012333,0.028598,-0.047019,0.103927,0.407000,False,-0.016215,-0.020511,-0.012171,0.026542,-0.043680,0.087720,0.426000,False
26,0,-0.002232,-0.005784,0.001207,-0.000880,-0.049711,0.056962,0.981000,False,0.007521,0.001547,0.013515,0.028050,-0.039362,0.093247,0.433000,False
15,2,0.010161,0.005790,0.014855,-0.010040,-0.090233,0.077434,0.766000,False,0.010118,0.004098,0.016571,0.025774,-0.043487,0.100476,0.456000,False
31,11,0.002380,0.000954,0.003851,0.014403,-0.046050,0.072824,0.820000,False,0.012820,0.007692,0.018663,0.025716,-0.075925,0.116240,0.487000,False
22,13,-0.028440,-0.035159,-0.021984,-0.003958,-0.067902,0.061290,0.898000,False,-0.019026,-0.027251,-0.011242,-0.025508,-0.084915,0.028339,0.448000,False
25,15,0.365119,0.314045,0.413042,-0.017493,-0.127256,0.099191,1.000000,False,0.364830,0.314070,0.412580,-0.025479,-0.135834,0.092036,0.999000,False
23,21,0.007384,0.006157,0.008546,0.025140,-0.030394,0.089337,0.867000,False,0.003209,0.001009,0.005212,-0.002513,-0.052354,0.049107,0.944000,False
0,31,-0.000000,-0.000000,-0.000000,0.017866,0.016488,0.354123,0.565000,False,0.000000,0.000000,0.000000,-0.020770,-0.058180,0.011963,0.553000,False
24,27,-0.070362,-0.110944,-0.032079,0.020727,-0.058426,0.094370,0.600000,False,-0.068214,-0.109018,-0.030164,0.015526,-0.066332,0.088901,0.680000,False
26,15,-0.085206,-0.118384,-0.053497,-0.005845,-0.081828,0.066318,0.880000,False,-0.085713,-0.119331,-0.054183,-0.017057,-0.095997,0.055383,0.654000,False
11,8,-0.000725,-0.006614,0.004565,0.015013,-0.069918,0.098974,0.682000,False,-0.009279,-0.018447,-0.000264,-0.017045,-0.098520,0.061608,0.694000,False
16,1,-0.039141,-0.064245,-0.016579,0.004747,-0.079929,0.081688,0.902000,False,-0.039322,-0.065907,-0.015893,-0.015062,-0.109139,0.069869,0.679000,False
16,8,-0.017989,-0.034165,-0.003256,0.013846,-0.050238,0.075311,0.673000,False,-0.021419,-0.037546,-0.004472,-0.001199,-0.073571,0.063852,0.968000,False
13,26,-0.006796,-0.010297,-0.003446,0.006536,-0.081122,0.091480,0.851000,False,-0.008905,-0.013098,-0.004684,0.003625,-0.077825,0.084514,0.922000,False
