layer,head,pooled_blk_r,pooled_imp_r,blk_r_p,blk_lo_p,blk_hi_p,blk_r_m,blk_lo_m,blk_hi_m,imp_r_p,imp_r_m,sd_blk_p,sd_blk_m,mu_blk_p,mu_blk_m,pass_blk_010,pass_imp_010,surv_blk_att01,surv_imp_att01
28,1,-0.405845,0.270798,-0.176979,-0.347927,-0.011933,-0.485009,-0.569200,-0.392493,0.177075,0.103617,0.008062,0.008664,0.004302,0.004207,True,False,True,True
30,31,-0.405074,-0.309718,-0.162811,-0.334014,0.044410,-0.542307,-0.642277,-0.429694,-0.158371,-0.564688,0.095786,0.102409,-0.033352,0.084029,False,False,True,True
27,21,-0.387742,-0.103548,-0.135171,-0.287652,0.018267,-0.489002,-0.599944,-0.366478,0.235971,-0.662209,0.071091,0.079804,0.040799,0.021416,False,False,True,False
19,29,-0.371886,-0.052762,-0.526894,-0.599779,-0.449357,-0.201150,-0.311631,-0.089198,-0.039793,0.104216,0.068662,0.073037,0.131223,0.133907,True,False,True,False
22,23,-0.371695,-0.053140,-0.311647,-0.499627,-0.120151,-0.277744,-0.385611,-0.155759,0.010337,-0.292526,0.019486,0.019376,0.013933,0.015463,True,False,True,False
28,8,-0.161681,0.367476,-0.076107,-0.216487,0.059004,-0.082613,-0.203808,0.070385,0.289284,0.307548,0.021468,0.019115,0.007565,0.009113,False,True,True,True
30,16,-0.364243,-0.083535,-0.205455,-0.426606,0.011280,-0.414347,-0.522873,-0.311700,-0.245905,-0.240925,0.027261,0.028545,0.005983,0.011043,False,True,True,False
31,13,0.359352,0.352429,0.503728,0.402078,0.595890,0.018317,-0.124633,0.146766,0.467643,0.001748,0.063685,0.034395,-0.117340,-0.047895,False,False,True,True
24,19,-0.356126,-0.079891,-0.223019,-0.347186,-0.090014,-0.311363,-0.414876,-0.194286,0.114288,-0.441800,0.026704,0.033564,0.036749,0.008872,True,False,True,False
27,15,-0.190048,0.353985,-0.008366,-0.167102,0.133670,-0.161227,-0.305941,-0.015606,0.247768,0.295017,0.046184,0.046924,0.018646,0.031945,False,True,True,True
12,1,-0.349044,-0.208462,-0.168167,-0.333292,-0.010446,-0.424632,-0.538710,-0.291127,-0.079583,-0.301762,0.066320,0.074881,0.137779,0.143306,True,False,True,True
27,27,-0.348821,0.237164,-0.361964,-0.480405,-0.235028,-0.225638,-0.350613,-0.095370,0.134555,0.116670,0.004225,0.004287,0.007813,0.006694,True,False,True,True
21,27,-0.348600,-0.102255,-0.329851,-0.442733,-0.230260,-0.223437,-0.311279,-0.134543,-0.001603,-0.364328,0.064242,0.068408,0.060776,0.015486,True,False,True,False
26,25,-0.348346,0.257014,-0.310685,-0.495123,-0.087951,-0.219561,-0.325416,-0.117525,0.127854,0.138112,0.004225,0.004420,0.003343,0.003743,True,False,True,True
29,17,-0.347912,0.027587,-0.260979,-0.421816,-0.086063,-0.357927,-0.442524,-0.274551,0.009041,0.033972,0.072370,0.080937,0.162512,0.156769,True,False,True,False
19,18,-0.345344,-0.065265,-0.267632,-0.395263,-0.130178,-0.257154,-0.335311,-0.180856,-0.186671,-0.085326,0.048864,0.053277,0.065620,0.064030,True,False,True,False
27,12,-0.075564,0.343925,0.126893,-0.021693,0.260948,-0.118416,-0.282603,0.056743,0.231662,0.274311,0.021684,0.022739,0.007409,0.006516,False,True,False,True
4,17,0.318830,0.343650,0.340215,0.250204,0.438611,0.232535,0.139453,0.328599,0.125146,0.372506,0.009109,0.008974,-0.024965,-0.024953,True,True,True,True
18,6,-0.341317,-0.181283,-0.305631,-0.453626,-0.151524,-0.216169,-0.355614,-0.049823,-0.138525,-0.114315,0.010191,0.012546,0.012551,0.015262,True,False,True,True
11,22,-0.340440,0.120789,-0.238558,-0.394801,-0.093360,-0.284223,-0.380805,-0.180320,-0.205742,-0.037542,0.058490,0.059735,0.031390,0.037004,True,False,True,True
24,11,-0.339904,0.059000,-0.319362,-0.474810,-0.175344,-0.232423,-0.338214,-0.120851,0.064848,-0.311297,0.007755,0.007928,0.003608,0.003414,True,False,True,False
28,3,-0.337105,0.041743,-0.417597,-0.521127,-0.307629,-0.119188,-0.232539,-0.015735,-0.251838,-0.012967,0.040150,0.040970,0.020598,0.024955,True,False,True,False
14,26,0.274528,0.336850,-0.038288,-0.130789,0.056518,0.289302,0.197699,0.385363,0.029716,0.428993,0.000973,0.001054,-0.001529,-0.001627,False,False,True,True
27,26,-0.336429,-0.017294,-0.448738,-0.532772,-0.361965,-0.047429,-0.134711,0.043678,-0.100882,-0.015173,0.005809,0.005501,0.004698,0.006646,False,False,True,False
23,26,-0.336210,0.014697,-0.370844,-0.474635,-0.254377,-0.181746,-0.283992,-0.078031,-0.037099,-0.169715,0.026530,0.029496,0.012991,0.013300,True,False,True,False
14,11,0.295115,0.335684,0.206915,0.121953,0.295680,0.188954,0.080884,0.294754,0.172456,0.300246,0.034459,0.037961,-0.082716,-0.087473,True,True,True,True
28,9,0.289132,0.335652,0.230324,0.093651,0.351236,0.161529,0.042964,0.280099,0.217605,0.282129,0.015095,0.013729,-0.041816,-0.038724,True,True,True,True
24,31,0.333482,0.281639,0.302236,0.227581,0.396967,0.191513,0.066610,0.308664,0.058491,0.334276,0.012262,0.010898,-0.008507,-0.007995,True,False,True,True
24,13,0.332919,0.261073,0.279292,0.198724,0.359638,0.201029,0.091367,0.298727,0.024434,0.283760,0.020238,0.018649,-0.024418,-0.019932,True,False,True,True
28,4,0.314551,0.331734,0.383487,0.279694,0.495932,0.037533,-0.075282,0.158832,0.352431,0.090928,0.008447,0.005839,-0.008056,-0.000970,False,False,True,True
0,13,-0.331030,0.307972,-0.341662,-0.430794,-0.256423,-0.141001,-0.222885,-0.054579,0.100350,0.297518,0.083960,0.083119,0.078731,0.071874,True,False,True,True
27,24,-0.328733,0.098991,-0.147346,-0.279939,-0.032888,-0.365793,-0.450294,-0.278652,0.093068,-0.176235,0.022308,0.022814,0.044842,0.044158,True,False,True,False
24,12,-0.028204,0.328444,0.139070,0.038147,0.243289,0.141382,0.016106,0.259545,0.214004,0.249592,0.008743,0.009071,0.005369,0.007353,True,True,False,True
11,28,-0.327818,-0.145015,-0.378348,-0.513803,-0.240432,-0.157703,-0.297452,-0.015500,-0.231587,0.140104,0.039196,0.038328,0.075538,0.081722,True,False,True,True
23,4,-0.325278,-0.005412,-0.334316,-0.443396,-0.223567,-0.151812,-0.265546,-0.034313,0.036115,-0.058287,0.024189,0.026479,0.036295,0.040417,True,False,True,False
30,23,0.312355,0.324702,0.143268,-0.017642,0.293505,0.280751,0.167077,0.390969,0.169792,0.284730,0.013473,0.014232,-0.024875,-0.023496,False,False,True,True
27,0,-0.250195,0.323846,-0.143808,-0.345714,0.037707,-0.119873,-0.220842,-0.016373,0.208507,0.251016,0.011316,0.013477,0.009150,0.011570,False,True,True,True
4,18,0.285772,0.323036,0.326390,0.198797,0.440581,0.201484,0.083967,0.328662,0.130041,0.345765,0.050818,0.049917,-0.247368,-0.238382,True,True,True,True
18,2,-0.322746,0.070711,-0.304252,-0.416852,-0.182632,-0.222536,-0.347117,-0.115152,0.034833,-0.235615,0.078666,0.071800,0.006403,0.050477,True,False,True,False
27,4,-0.321899,-0.127433,0.335940,0.207332,0.455553,-0.706327,-0.771578,-0.633668,0.618300,-0.794780,0.042932,0.067561,0.017606,-0.011739,False,False,True,False
29,23,-0.321808,0.012002,-0.088376,-0.234693,0.051819,-0.322708,-0.444478,-0.199744,0.055976,-0.262421,0.063666,0.081792,0.089722,0.038642,False,False,True,False
25,26,-0.321802,0.141060,-0.147720,-0.302651,0.015875,-0.284613,-0.376162,-0.196546,0.073879,-0.020789,0.020683,0.024705,0.016797,0.022474,False,False,True,True
27,19,-0.063655,0.321623,-0.090961,-0.213553,0.034953,-0.072364,-0.158291,-0.014126,0.393048,-0.012688,0.019204,0.031716,-0.001836,-0.000685,False,False,False,True
26,5,-0.320489,0.239077,-0.239947,-0.395570,-0.092359,-0.211124,-0.335519,-0.075992,0.075725,0.232321,0.022038,0.020806,0.031778,0.031286,True,False,True,True
27,14,0.085467,0.320411,0.377348,0.278799,0.461393,0.137695,0.000238,0.280361,0.218888,0.232963,0.018023,0.016351,0.008404,0.012969,True,True,False,True
11,17,0.249916,0.319713,-0.057364,-0.163541,0.078498,0.200623,0.095181,0.306543,0.089695,0.345875,0.062769,0.060411,-0.238200,-0.227405,False,False,True,True
17,17,-0.319592,-0.100283,-0.342310,-0.462008,-0.210733,-0.135520,-0.265943,0.005045,-0.140735,-0.042285,0.019231,0.018881,0.033912,0.035145,False,False,True,False
26,1,-0.319459,-0.035112,-0.219479,-0.315028,-0.125582,-0.277545,-0.434771,-0.099267,-0.008397,-0.270207,0.015816,0.017290,0.007363,0.007186,True,False,True,False
2,22,0.318457,0.040594,0.193330,0.060539,0.329244,0.251783,0.077685,0.411395,0.013186,-0.340339,0.051780,0.054670,-0.036498,-0.044486,True,False,True,False
6,15,0.243242,0.318197,0.046455,-0.099431,0.204660,0.070215,-0.039622,0.190117,0.162532,0.307448,0.033964,0.032917,-0.389660,-0.389916,False,True,True,True
27,3,-0.128736,0.317957,-0.114030,-0.254838,0.034318,0.014646,-0.112958,0.122676,0.225254,0.247655,0.009637,0.009888,0.003498,0.004151,False,True,True,True
9,23,-0.317271,0.044083,-0.114639,-0.300619,0.065229,-0.306345,-0.463284,-0.151416,-0.083237,-0.276887,0.057439,0.057743,0.067787,0.054364,False,False,True,False
27,30,-0.316860,0.068467,-0.173640,-0.304471,-0.048248,-0.266255,-0.397464,-0.131837,0.026695,-0.209096,0.042671,0.047467,0.038950,0.026318,True,False,True,False
4,24,0.280179,0.316349,0.334823,0.240781,0.431797,0.144378,0.045325,0.259737,0.074862,0.339177,0.020685,0.019265,-0.098877,-0.099325,True,False,True,True
15,26,0.173865,0.312368,-0.112623,-0.248045,0.018025,-0.168832,-0.277023,-0.057181,0.220801,0.194759,0.170113,0.174454,-0.452335,-0.445560,False,True,True,True
31,27,-0.311918,0.161522,0.046355,-0.065334,0.140677,-0.444837,-0.536138,-0.350403,-0.116074,0.140060,0.032980,0.033037,0.048578,0.053655,False,False,True,True
28,14,-0.311482,-0.098063,-0.262181,-0.388490,-0.121125,-0.162877,-0.329387,0.009307,-0.130879,-0.213413,0.030709,0.030161,0.040269,0.055501,False,False,True,False
7,19,0.310703,0.290000,0.160911,0.000983,0.320740,0.247085,0.120154,0.373205,0.130672,0.198303,0.070740,0.080850,-0.107145,-0.131532,True,False,True,True
20,11,-0.310202,0.028727,-0.328026,-0.461331,-0.208497,-0.257389,-0.352055,-0.164479,-0.044465,-0.259328,0.036412,0.050267,0.031581,-0.017342,True,False,True,False
2,31,0.226158,0.308284,0.206264,0.095047,0.313144,-0.196568,-0.303996,-0.083145,0.067483,0.328731,0.008670,0.009010,-0.028554,-0.028561,False,False,True,True
11,16,0.285274,0.308079,-0.000297,-0.123396,0.143119,0.342434,0.228559,0.459073,0.028046,0.363665,0.040850,0.037758,-0.092684,-0.093294,False,False,True,True
21,17,-0.244389,0.307366,-0.237867,-0.408274,-0.046854,0.025564,-0.089554,0.138367,0.168819,0.299118,0.013904,0.013514,0.014352,0.016451,False,True,True,True
8,17,-0.306730,0.169762,-0.334297,-0.440057,-0.214590,-0.152806,-0.247736,-0.062689,-0.125713,0.076785,0.051901,0.050702,0.018308,0.024079,True,False,True,True
23,0,0.180896,0.306591,-0.069496,-0.191189,0.071952,0.367155,0.264083,0.465141,0.108641,0.289184,0.005574,0.007092,0.000062,-0.000161,False,False,True,True
0,0,0.242982,0.306449,0.053282,-0.075615,0.173599,0.183409,0.079486,0.290988,0.045561,0.323273,0.013752,0.016555,-0.480925,-0.496757,False,False,True,True
3,24,0.306288,0.263701,0.103152,-0.002893,0.216361,0.290551,0.192463,0.386491,-0.107611,0.269818,0.011963,0.013678,-0.021452,-0.025973,False,False,True,True
19,15,-0.305093,-0.025040,-0.336431,-0.461984,-0.207800,-0.072056,-0.267260,0.124393,0.220119,0.015391,0.224631,0.214453,0.402805,0.341396,False,False,True,False
24,6,-0.304985,0.190886,-0.235505,-0.400200,-0.055190,-0.163653,-0.244913,-0.082915,0.358876,-0.082270,0.102356,0.118262,0.115633,0.139751,True,False,True,True
0,17,-0.303809,0.275971,-0.248918,-0.321751,-0.181425,-0.152485,-0.251326,-0.047649,0.037602,0.269176,0.042921,0.042222,0.042274,0.035820,True,False,True,True
1,25,0.123521,0.303676,-0.198229,-0.268315,-0.135022,-0.099558,-0.176373,-0.025282,0.116793,0.284249,0.005753,0.005729,-0.009015,-0.008721,False,False,True,True
28,12,-0.302603,0.013512,-0.374596,-0.471677,-0.273245,-0.117735,-0.269168,0.042126,-0.052403,-0.197488,0.035035,0.032778,0.016777,0.007078,False,False,True,False
16,9,-0.302254,-0.003670,-0.261210,-0.467870,-0.047519,-0.185182,-0.273189,-0.097261,0.130427,-0.261085,0.052287,0.053357,0.027745,0.029104,True,False,True,False
30,4,-0.301911,0.216050,-0.403095,-0.507744,-0.289839,-0.042879,-0.186182,0.090905,0.156998,0.014449,0.017004,0.017146,0.039269,0.039821,False,False,True,True
24,28,0.274612,0.301380,-0.003968,-0.135035,0.110606,0.291024,0.166333,0.407646,0.044385,0.350245,0.027221,0.025740,-0.033315,-0.030746,False,False,True,True
22,20,-0.300767,0.003306,-0.153003,-0.366302,0.022253,-0.217562,-0.320570,-0.114050,0.072708,-0.335585,0.009824,0.011115,0.010023,0.014042,False,False,True,False
3,26,0.226078,0.300496,-0.243252,-0.355526,-0.112819,0.139517,-0.016826,0.276822,-0.017797,0.345727,0.019804,0.019937,-0.096523,-0.096796,False,False,True,True
29,13,0.024296,0.300473,0.055668,-0.114302,0.210754,-0.112081,-0.190902,-0.010763,0.225208,0.156420,0.006399,0.006599,-0.003433,0.000316,False,True,False,True
1,1,0.213500,0.300213,-0.083567,-0.205594,0.024215,0.049473,-0.075254,0.175330,-0.004023,0.349670,0.002882,0.003053,-0.006901,-0.006332,False,False,True,True
3,8,0.234256,0.300107,-0.032263,-0.203001,0.129930,-0.026756,-0.216846,0.135468,-0.000297,0.347904,0.006443,0.006557,-0.054835,-0.055120,False,False,True,True
5,24,-0.299377,-0.186174,-0.366193,-0.465410,-0.248189,-0.045069,-0.198673,0.087612,-0.187234,0.036946,0.049488,0.044746,0.109752,0.104057,False,False,True,True
1,27,0.244927,0.298209,-0.003903,-0.080584,0.084004,0.106196,0.021842,0.184512,0.045924,0.309601,0.002714,0.002749,-0.012060,-0.012113,False,False,True,True
1,16,0.230694,0.297795,-0.046188,-0.150920,0.065139,0.082291,-0.014235,0.173280,-0.031448,0.369908,0.000644,0.000658,-0.001730,-0.001631,False,False,True,True
1,0,0.260824,0.297650,0.072671,-0.051065,0.215366,0.203696,0.085290,0.314428,0.011019,0.344264,0.022700,0.022604,-0.118364,-0.116715,False,False,True,True
18,3,-0.297590,-0.008222,-0.403036,-0.496803,-0.311343,-0.009948,-0.168708,0.137257,-0.090726,0.029289,0.021452,0.023340,0.040653,0.043164,False,False,True,False
4,1,-0.297437,-0.041139,-0.261864,-0.356028,-0.167954,-0.109853,-0.209074,-0.022103,-0.086763,0.180862,0.018536,0.017461,0.029559,0.028950,True,False,True,False
8,24,-0.296877,0.041799,-0.267780,-0.391760,-0.158621,-0.152397,-0.268448,-0.042888,-0.169284,-0.077609,0.094499,0.094036,0.063068,0.053090,True,False,True,False
7,2,0.296849,0.264214,0.215801,0.104626,0.340191,0.232579,0.116829,0.337776,0.066090,0.165211,0.033406,0.034935,-0.100817,-0.099740,True,False,True,True
0,8,-0.285436,0.296599,-0.338066,-0.425896,-0.250508,-0.023622,-0.101670,0.059169,0.047095,0.280755,0.042207,0.042721,0.052093,0.026546,False,False,True,True
1,10,0.240773,0.296498,-0.025246,-0.114564,0.063026,0.098619,-0.001230,0.200612,0.048698,0.301298,0.011431,0.014111,-0.337685,-0.339851,False,False,True,True
24,15,0.266486,0.296350,0.244892,0.107820,0.385447,-0.000485,-0.136482,0.131819,0.114058,0.255366,0.010976,0.009882,-0.018640,-0.016975,False,True,True,True
29,12,-0.001164,0.295910,0.150421,0.051121,0.246428,-0.257344,-0.369482,-0.118527,0.197339,0.188996,0.005913,0.004810,-0.002575,0.000816,False,True,False,True
13,31,-0.295459,-0.014967,-0.247497,-0.377617,-0.101427,-0.120707,-0.230595,-0.015738,-0.229865,-0.068411,0.088978,0.089603,0.106325,0.094879,True,False,True,False
0,19,-0.255854,-0.295446,-0.092945,-0.199007,0.008890,-0.159946,-0.266074,-0.035605,-0.086484,-0.260272,0.042731,0.042380,0.268775,0.262584,False,False,True,True
19,19,-0.295011,-0.047529,-0.020576,-0.150216,0.114968,-0.311999,-0.404751,-0.227932,-0.152385,-0.274044,0.009884,0.011015,0.012247,0.010550,False,True,True,False
1,17,0.230628,0.294962,0.082015,-0.022511,0.183686,-0.141965,-0.242168,-0.019490,0.035289,0.306154,0.007848,0.008320,-0.051083,-0.052412,False,False,True,True
29,6,0.050823,0.294794,0.279582,0.195270,0.363005,-0.226739,-0.310349,-0.127739,0.319562,0.031888,0.012283,0.016384,-0.004934,-0.003982,False,False,False,True
3,11,0.263660,0.294513,0.149858,0.031859,0.273319,0.173014,0.029525,0.311584,-0.010063,0.326766,0.003822,0.004041,-0.021460,-0.021629,True,False,True,True
7,5,0.267670,0.294266,0.022440,-0.085574,0.151644,0.217406,0.112372,0.314890,-0.032835,0.377098,0.007359,0.007386,-0.013283,-0.012382,False,False,True,True
11,3,-0.294152,0.021541,-0.234055,-0.370757,-0.083413,-0.167240,-0.274584,-0.065523,-0.063844,0.013379,0.084398,0.087561,0.209447,0.214166,True,False,True,False
1,24,0.267296,0.293906,0.068052,-0.029458,0.175489,0.177696,0.051518,0.295532,0.030865,0.310882,0.003507,0.003529,-0.008982,-0.008798,False,False,True,True
23,3,-0.293521,0.095744,-0.394932,-0.508510,-0.268129,0.023262,-0.099594,0.146135,-0.156118,0.043110,0.024348,0.024183,0.042468,0.037518,False,False,True,False
3,4,0.219159,0.293508,-0.181665,-0.290487,-0.077889,0.074891,-0.051426,0.192490,0.019410,0.331617,0.000663,0.000658,-0.002498,-0.002446,False,False,True,True
0,15,-0.293257,0.289950,-0.278593,-0.355817,-0.209106,-0.241128,-0.320622,-0.163181,0.141052,0.222076,0.043284,0.043184,0.172829,0.171325,True,False,True,True
10,28,-0.292777,-0.262220,-0.262693,-0.380368,-0.132156,-0.125293,-0.244112,-0.010030,-0.308023,0.069954,0.094289,0.083585,0.217258,0.217308,True,False,True,True
3,10,0.222351,0.292636,-0.089183,-0.233751,0.049614,-0.100673,-0.230906,0.020076,0.043919,0.294969,0.012086,0.012190,-0.079137,-0.078039,False,False,True,True
0,9,0.163494,0.292204,-0.237382,-0.313649,-0.158821,-0.131709,-0.225153,-0.036493,-0.007129,0.340936,0.054554,0.053506,-0.138609,-0.155405,True,False,True,True
27,2,-0.291664,0.090258,-0.356661,-0.442070,-0.255696,-0.108209,-0.234176,0.014456,-0.299416,0.149132,0.010106,0.010129,0.004701,0.003191,False,False,True,False
10,11,0.237884,0.291427,0.023975,-0.106107,0.188653,0.051530,-0.100796,0.202896,0.052221,0.288566,0.056451,0.051345,-0.156441,-0.152112,False,False,True,True
0,28,-0.194698,0.291402,-0.197199,-0.255237,-0.143096,-0.113907,-0.190189,-0.036466,0.100638,0.242585,0.095772,0.095853,0.019568,0.020395,True,False,True,True
1,11,0.233999,0.291369,-0.191649,-0.312057,-0.070394,0.041408,-0.075227,0.156569,0.017471,0.322434,0.012986,0.015009,-0.184160,-0.181739,False,False,True,True
11,5,-0.290508,-0.240251,-0.167053,-0.269071,-0.054593,-0.176109,-0.328103,-0.008521,-0.170718,-0.072650,0.154095,0.166527,0.283035,0.281508,True,False,True,True
31,9,0.160310,0.290049,0.118724,-0.042851,0.277368,0.049043,-0.096756,0.178800,0.181542,0.169934,0.005203,0.005181,-0.003191,-0.000796,False,True,True,True
31,8,0.199368,0.289983,0.300460,0.183301,0.414701,0.022535,-0.140052,0.191007,0.170600,0.175296,0.005680,0.004816,-0.002195,0.000343,False,True,True,True
25,9,0.080705,0.289894,0.082977,-0.059279,0.250623,0.317185,0.176478,0.436851,0.072846,0.273375,0.001513,0.001784,0.000690,0.000950,False,False,False,True
0,11,-0.275352,0.289571,-0.336804,-0.430328,-0.246244,-0.046951,-0.135897,0.049055,0.073777,0.239150,0.090653,0.095325,0.091472,0.022717,False,False,True,True
22,25,-0.289436,0.034604,-0.110660,-0.293420,0.057727,-0.220327,-0.347836,-0.119561,-0.197859,0.023403,0.040021,0.045770,0.048163,0.047950,False,False,True,False
0,6,0.173550,0.289074,-0.071902,-0.151751,-0.005114,-0.216142,-0.297403,-0.127608,0.111524,0.219535,0.042634,0.042616,-0.113027,-0.113381,False,False,True,True
3,17,0.035716,0.288811,-0.200285,-0.309303,-0.092022,0.027486,-0.081353,0.127880,0.003667,0.331137,0.000496,0.000509,-0.000251,-0.000241,False,False,False,True
0,25,0.156749,0.288608,0.001724,-0.104216,0.093444,-0.225674,-0.302942,-0.138464,0.144428,0.186469,0.056664,0.056432,-0.103993,-0.105784,False,False,True,True
2,30,0.275902,0.288240,0.215093,0.115821,0.319337,0.079447,-0.041728,0.193912,0.003507,0.334683,0.005497,0.005195,-0.012297,-0.012096,False,False,True,True
0,10,0.192354,0.288120,-0.018191,-0.126822,0.087187,-0.181430,-0.270484,-0.085898,0.160598,0.170600,0.046713,0.044735,-0.124528,-0.132584,False,True,True,True
24,29,0.286759,0.287795,-0.025396,-0.146074,0.119410,0.330575,0.217080,0.435555,-0.015432,0.345105,0.011770,0.012124,-0.015688,-0.016958,False,False,True,True
24,8,-0.098236,0.287280,-0.115200,-0.244718,0.008062,0.033266,-0.067924,0.138597,0.199868,0.206448,0.004998,0.004788,0.000230,0.002379,False,True,False,True
20,31,-0.287187,-0.183499,-0.062649,-0.191189,0.083264,-0.262638,-0.345715,-0.184596,0.007742,-0.231083,0.068861,0.073154,0.073482,0.075191,False,False,True,True
28,7,0.233114,0.287049,0.277698,0.116077,0.414410,-0.086983,-0.200751,0.025688,0.232295,0.107503,0.005841,0.006168,-0.008400,-0.005519,False,False,True,True
12,13,0.207597,0.286938,-0.208365,-0.306720,-0.096329,-0.034992,-0.172495,0.097027,0.058783,0.266253,0.049087,0.045320,-0.203821,-0.214902,False,False,True,True
1,3,0.248632,0.286849,-0.057349,-0.186490,0.110280,0.206249,0.084321,0.308685,-0.033128,0.345470,0.041692,0.046116,-0.315238,-0.316925,False,False,True,True
28,11,-0.055163,0.286565,-0.238048,-0.343531,-0.118366,0.151137,0.022780,0.271519,0.076308,0.260745,0.027879,0.027312,0.003783,0.000836,False,False,False,True
10,26,-0.286554,0.139574,-0.208874,-0.371399,-0.029797,-0.141269,-0.250697,-0.027306,0.006567,0.038637,0.115133,0.120692,0.266437,0.268661,True,False,True,True
7,31,0.266848,0.286551,0.183442,0.074352,0.290487,0.078633,-0.034048,0.195310,0.205995,0.152191,0.062600,0.063194,-0.179843,-0.182967,False,True,True,True
3,19,0.265299,0.286137,0.082159,-0.009110,0.189189,0.158898,0.076766,0.247214,-0.031645,0.333151,0.002665,0.002694,-0.007685,-0.007307,False,False,True,True
1,6,0.225286,0.286062,-0.280427,-0.376691,-0.177709,0.057892,-0.141478,0.214786,-0.005208,0.321703,0.038819,0.039741,-0.316864,-0.315287,False,False,True,True
12,27,0.208383,0.285942,-0.072321,-0.191092,0.041862,-0.067175,-0.206145,0.074570,0.266888,0.081865,0.090303,0.095934,-0.299381,-0.299317,False,False,True,True
22,21,-0.285767,-0.032202,-0.110662,-0.345512,0.109907,-0.200655,-0.336679,-0.060938,0.104521,-0.150126,0.012249,0.014540,0.019427,0.025748,False,False,True,False
27,18,-0.285723,0.204574,-0.059183,-0.274481,0.147680,-0.291695,-0.378448,-0.204064,0.307008,-0.133568,0.020032,0.025653,0.009165,0.018884,False,False,True,True
17,1,-0.285202,-0.057093,-0.323397,-0.474219,-0.147325,-0.192510,-0.322134,-0.075245,-0.212079,-0.257258,0.036940,0.038836,0.012456,0.001526,True,True,True,False
9,24,0.221704,0.284948,-0.123388,-0.238028,-0.010315,-0.083258,-0.224600,0.053217,0.104902,0.239014,0.075422,0.080996,-0.522099,-0.507673,False,False,True,True
0,5,0.141469,0.284804,-0.169468,-0.247173,-0.098900,-0.184769,-0.276243,-0.081827,0.056005,0.263247,0.032867,0.032830,-0.068202,-0.069019,True,False,True,True
1,30,0.232066,0.284634,-0.047242,-0.128425,0.037589,0.000722,-0.101157,0.095898,0.040137,0.269432,0.018300,0.020452,-0.108658,-0.110552,False,False,True,True
5,26,0.229155,0.284537,-0.158509,-0.310509,-0.000543,-0.137847,-0.275323,-0.018010,0.074005,0.239892,0.008097,0.007801,-0.119886,-0.117765,True,False,True,True
17,16,-0.284435,0.043235,-0.211288,-0.345304,-0.082879,-0.111075,-0.232656,0.011573,0.037297,0.102378,0.017811,0.016766,0.028187,0.034910,False,False,True,False
29,2,-0.284347,-0.118252,-0.116448,-0.267881,0.034678,-0.470932,-0.555865,-0.378465,0.078047,-0.489288,0.022633,0.027936,0.004015,-0.009256,False,False,True,False
10,9,0.280024,0.284270,0.128149,-0.007498,0.302312,0.231783,0.105933,0.357221,0.039981,0.279548,0.037209,0.034673,-0.120295,-0.113736,False,False,True,True
30,8,-0.284083,0.122728,-0.360523,-0.466448,-0.248689,0.001210,-0.140897,0.138408,-0.075915,0.023231,0.029345,0.028965,0.030628,0.021434,False,False,True,False
4,26,0.259845,0.283948,0.232902,0.123927,0.337048,0.078440,-0.070773,0.229063,0.107362,0.223751,0.014079,0.013799,-0.087887,-0.084506,False,False,True,True
10,2,-0.283734,-0.194847,-0.187939,-0.301294,-0.056143,-0.165399,-0.291094,-0.047443,-0.100797,0.016945,0.054792,0.049885,0.144293,0.138072,True,False,True,True
28,13,-0.283666,0.132833,-0.204095,-0.308693,-0.111805,-0.309998,-0.415878,-0.206969,0.208944,-0.316247,0.071515,0.076556,-0.007843,0.028032,True,False,True,False
23,10,0.080594,0.283609,0.227974,0.152867,0.301999,-0.111720,-0.216987,0.000897,0.306837,-0.002594,0.017312,0.017200,-0.004434,-0.000187,False,False,False,True
4,31,0.283585,0.237281,0.206926,0.108314,0.301454,0.189419,0.107385,0.275450,-0.079444,0.157407,0.105758,0.100555,-0.348790,-0.354078,True,False,True,True
24,5,-0.283566,0.076531,-0.065390,-0.190429,0.074502,-0.234787,-0.335780,-0.123143,-0.030432,0.063565,0.083948,0.091539,0.157686,0.155069,False,False,True,False
1,19,0.247744,0.283425,-0.027127,-0.138741,0.098866,0.153590,0.039380,0.258064,-0.011572,0.303641,0.037071,0.043718,-0.249055,-0.255089,False,False,True,True
6,8,0.278337,0.283182,0.125303,0.032454,0.218167,0.207487,0.112397,0.297895,0.059635,0.238864,0.011183,0.012017,-0.036085,-0.035783,True,False,True,True
0,3,-0.199741,0.283094,-0.172028,-0.237846,-0.109635,-0.079950,-0.158807,-0.009558,0.030177,0.279527,0.008916,0.008924,0.003168,0.003894,False,False,True,True
6,18,0.282910,0.256421,0.144934,0.034110,0.276071,0.317712,0.195713,0.423474,-0.095504,0.288002,0.035973,0.035641,-0.163815,-0.159040,True,False,True,True
30,6,0.282549,0.246139,0.114191,-0.006736,0.237063,0.192854,0.082248,0.309028,-0.018365,0.184348,0.076540,0.085766,-0.159670,-0.161699,False,False,True,True
18,1,-0.282541,0.150803,-0.126166,-0.264156,0.006355,-0.181097,-0.318396,-0.056906,0.125295,-0.078920,0.017919,0.018175,0.027162,0.026968,False,False,True,True
11,9,0.191218,0.282016,-0.093654,-0.222677,0.031696,-0.107707,-0.223501,0.015071,0.169120,0.145058,0.116364,0.132377,-0.381894,-0.303892,False,True,True,True
1,5,0.236109,0.281846,-0.016269,-0.132905,0.104663,0.087429,-0.041143,0.219722,-0.029078,0.322851,0.001639,0.001750,-0.004199,-0.004126,False,False,True,True
25,11,0.238037,0.281806,0.033704,-0.097867,0.195015,0.144064,-0.010557,0.273774,0.040222,0.272136,0.010009,0.008965,-0.011943,-0.010634,False,False,True,True
19,5,0.200958,0.281749,0.034680,-0.069515,0.139638,0.109173,0.006618,0.216041,0.147437,0.204347,0.015930,0.014334,-0.013768,-0.009604,False,True,True,True
0,27,0.070946,0.281670,-0.060984,-0.177333,0.035538,-0.221815,-0.326492,-0.111917,0.131225,0.173322,0.048911,0.048775,-0.048937,-0.049635,False,False,False,True
0,4,0.220535,0.281394,0.086174,-0.001074,0.166552,-0.218431,-0.329240,-0.094888,0.088070,0.211635,0.032239,0.032135,-0.158664,-0.160328,False,False,True,True
0,26,0.143330,0.281105,-0.022863,-0.138331,0.076986,-0.252285,-0.341793,-0.151474,0.144853,0.159650,0.056204,0.055983,-0.101941,-0.102785,False,False,True,True
8,26,-0.280985,-0.122236,-0.188131,-0.289613,-0.088676,-0.175167,-0.271882,-0.075231,-0.074101,-0.063755,0.068576,0.070561,0.225171,0.217635,True,False,True,False
17,10,-0.280777,-0.028636,-0.158446,-0.294204,-0.033616,-0.148169,-0.273196,-0.026124,-0.064167,0.005365,0.051924,0.048594,0.086587,0.105053,True,False,True,False
2,7,0.235880,0.280604,-0.064327,-0.159636,0.036115,0.056076,-0.055098,0.168867,-0.028263,0.338323,0.008328,0.008309,-0.051639,-0.049807,False,False,True,True
5,19,0.279953,0.232188,-0.014831,-0.137842,0.123282,0.316887,0.215954,0.408660,-0.175675,0.200420,0.016614,0.016925,-0.040542,-0.043015,False,False,True,True
8,22,0.256325,0.279950,0.150700,0.037843,0.282317,0.045747,-0.085476,0.182260,-0.036744,0.318616,0.038072,0.039584,-0.098627,-0.099419,False,False,True,True
21,30,-0.278988,-0.136478,0.275315,0.156825,0.384411,-0.461695,-0.545021,-0.358869,0.327015,-0.527444,0.033373,0.041975,0.060157,0.035639,False,False,True,False
25,25,-0.278197,0.109536,-0.046511,-0.259504,0.146007,-0.263380,-0.348062,-0.186191,0.091492,-0.081862,0.009701,0.013150,0.006851,0.009906,False,False,True,False
7,0,0.263094,0.277712,0.136528,0.040505,0.229874,0.185778,0.106964,0.262341,0.081027,0.227276,0.030769,0.032807,-0.178520,-0.182583,True,False,True,True
23,6,-0.277525,-0.021289,-0.046617,-0.171840,0.074105,-0.280144,-0.390429,-0.163885,0.473638,-0.635906,0.038952,0.046983,0.026296,0.031065,False,False,True,False
10,12,-0.277352,-0.126262,-0.191024,-0.295726,-0.083770,-0.108941,-0.217850,0.007621,-0.052613,-0.007842,0.019418,0.018107,0.043555,0.041244,False,False,True,True
9,5,-0.277287,0.071835,-0.181885,-0.303321,-0.063391,-0.157908,-0.316308,0.006656,-0.192335,0.183881,0.018799,0.018283,0.059401,0.059664,False,False,True,False
26,9,0.038903,0.276655,0.061275,-0.033746,0.153340,0.148393,0.059898,0.237559,0.081100,0.260412,0.018667,0.020423,0.008262,0.002420,False,False,False,True
4,13,0.257448,0.276464,0.171752,0.056500,0.288316,0.110448,0.007671,0.217215,0.004814,0.292813,0.026760,0.026746,-0.170383,-0.168718,True,False,True,True
4,30,0.276313,0.196914,0.296257,0.194801,0.410336,0.151068,0.039662,0.253475,0.048285,-0.096763,0.037193,0.035181,-0.182185,-0.185797,True,False,True,True
5,14,0.234735,0.276240,0.005152,-0.166242,0.168501,-0.064712,-0.216607,0.089298,-0.011941,0.292376,0.033905,0.032548,-0.313087,-0.308202,False,False,True,True
29,29,0.275945,0.151090,0.402980,0.312346,0.492933,0.179977,0.058603,0.299184,0.175398,-0.133518,0.032326,0.024394,-0.003380,0.006231,True,False,True,True
0,12,0.141961,0.275877,-0.248840,-0.352105,-0.155985,-0.160561,-0.252978,-0.051921,0.029855,0.242208,0.061281,0.059432,-0.129743,-0.151037,True,False,True,True
9,3,-0.275586,-0.148375,-0.238444,-0.409357,-0.067074,-0.098776,-0.250862,0.040434,-0.027715,0.032761,0.118897,0.137222,0.408857,0.384056,False,False,True,True
1,21,0.241325,0.275527,-0.011682,-0.116691,0.106592,0.107503,-0.029459,0.257973,-0.026665,0.373585,0.004798,0.002742,-0.033260,-0.031083,False,False,True,True
19,1,-0.275427,-0.100861,-0.079363,-0.230693,0.079745,-0.216938,-0.370248,-0.070063,0.063365,-0.205983,0.076348,0.084434,0.042615,0.118284,False,False,True,False
0,24,0.148628,0.275096,-0.026079,-0.136416,0.069985,-0.266248,-0.351129,-0.168851,0.147211,0.135350,0.053992,0.053556,-0.106746,-0.108845,False,False,True,True
11,2,-0.275062,-0.151028,-0.107336,-0.285433,0.090681,-0.216526,-0.363343,-0.061635,-0.143217,0.073744,0.115580,0.128143,0.433532,0.406521,False,False,True,True
11,31,0.248361,0.274960,-0.046336,-0.162210,0.077213,0.237002,0.102281,0.367336,0.034713,0.256125,0.045141,0.045041,-0.054667,-0.057733,False,False,True,True
14,8,0.274916,0.209539,0.205051,0.107563,0.298114,0.112178,-0.005021,0.218444,-0.101483,0.233250,0.054719,0.055245,-0.164935,-0.164862,False,False,True,True
5,7,-0.274856,-0.206167,-0.252324,-0.362927,-0.136804,-0.071469,-0.231158,0.074180,-0.100498,0.081441,0.054040,0.056575,0.170893,0.159375,False,False,True,True
29,15,-0.274833,0.227904,0.041851,-0.174282,0.231521,-0.312890,-0.404763,-0.234680,0.181946,0.013685,0.021832,0.027559,0.014177,0.026774,False,False,True,True
9,15,-0.274546,0.102102,-0.250152,-0.427766,-0.068618,-0.214372,-0.348676,-0.081619,-0.112959,-0.135506,0.070496,0.066916,0.007087,0.026175,True,False,True,False
13,28,0.148305,0.274439,-0.242144,-0.355915,-0.128508,0.018201,-0.122741,0.171749,0.053880,0.213152,0.029358,0.030030,-0.047137,-0.047053,False,False,True,True
3,14,-0.274378,0.159582,-0.344401,-0.455357,-0.221868,-0.085975,-0.167039,-0.000108,0.063860,-0.060753,0.007990,0.008113,0.002816,0.003369,False,False,True,True
9,11,0.261295,0.274357,0.101857,-0.005324,0.217913,0.122496,-0.009989,0.245610,-0.057239,0.345461,0.015663,0.015645,-0.048138,-0.048357,False,False,True,True
12,18,0.274239,0.257826,-0.028036,-0.137948,0.086285,0.269280,0.166420,0.372277,-0.020395,0.217092,0.018384,0.021400,-0.038233,-0.040970,False,False,True,True
11,4,0.274228,0.253136,0.043787,-0.148835,0.255179,0.248747,0.097542,0.393288,-0.022826,0.199320,0.137564,0.128595,-0.361666,-0.345837,False,False,True,True
2,18,0.206669,0.274037,-0.167477,-0.276882,-0.066187,-0.162136,-0.298091,-0.023507,-0.029499,0.328446,0.006836,0.007009,-0.039005,-0.036837,True,False,True,True
8,5,0.273989,0.262687,-0.008602,-0.119485,0.110309,0.266531,0.147412,0.369003,-0.132793,0.342340,0.022352,0.025239,-0.059501,-0.059218,False,False,True,True
25,8,-0.273706,0.111867,-0.371786,-0.453725,-0.291030,0.070429,-0.082133,0.211641,-0.128103,0.136891,0.014386,0.013732,0.017856,0.015349,False,False,True,False
3,20,-0.273593,0.058679,-0.218496,-0.330545,-0.103917,-0.147831,-0.223044,-0.080838,0.079441,0.087696,0.008689,0.008824,0.004501,0.005945,True,False,True,False
29,4,-0.234253,0.273310,-0.140004,-0.303787,0.031108,-0.098721,-0.194555,-0.000659,0.107883,0.267013,0.010310,0.011705,0.006702,0.009773,False,True,True,True
3,23,0.116912,0.273063,-0.335634,-0.425797,-0.247561,-0.011582,-0.101462,0.074912,-0.007387,0.277300,0.010815,0.010757,-0.017208,-0.017200,False,False,True,True
12,8,0.218278,0.272694,-0.073946,-0.157836,0.010805,-0.020149,-0.138040,0.112668,0.101596,0.167307,0.077641,0.079268,-0.263294,-0.293018,False,True,True,True
3,21,0.174784,0.272576,-0.028753,-0.121921,0.064378,0.102916,0.008568,0.192028,0.040916,0.219991,0.040478,0.039699,-0.028921,-0.031667,False,False,True,True
25,28,0.257386,0.272290,0.015940,-0.105293,0.150930,0.268611,0.157786,0.367183,0.030538,0.254114,0.007109,0.007430,-0.005760,-0.004456,False,False,True,True
14,10,0.272213,0.240826,0.164439,0.045764,0.278143,0.129037,0.028669,0.224102,0.079775,0.059490,0.081709,0.084371,-0.239851,-0.243201,True,False,True,True
11,10,0.224833,0.272013,-0.189476,-0.301248,-0.082055,0.065226,-0.023273,0.159884,0.056704,0.204828,0.047468,0.046016,-0.254675,-0.245942,False,False,True,True
4,11,0.261944,0.271847,0.174116,0.091541,0.265603,0.058339,-0.055490,0.161849,0.031921,0.222473,0.011800,0.012402,-0.033322,-0.034234,False,False,True,True
9,2,-0.271780,-0.103020,-0.295819,-0.450188,-0.117453,-0.112796,-0.256231,0.023804,-0.242053,-0.072627,0.132989,0.147326,0.090840,0.036855,False,False,True,False
2,15,0.271558,-0.205936,0.169285,0.066277,0.272601,0.098001,-0.006399,0.193207,0.002832,-0.245825,0.017782,0.016396,-0.034760,-0.036380,False,False,True,True
6,11,0.271342,0.232290,0.295604,0.192231,0.402563,0.035369,-0.082213,0.165802,0.042957,-0.020403,0.042376,0.038474,-0.155957,-0.162601,False,False,True,True
4,14,0.243581,0.271334,-0.034969,-0.161700,0.108326,0.150750,-0.013133,0.303421,-0.043941,0.347342,0.006783,0.005894,-0.018198,-0.018206,False,False,True,True
9,10,0.255878,0.271316,-0.014550,-0.147494,0.120703,0.234738,0.130260,0.342858,-0.038784,0.295877,0.030783,0.029895,-0.157825,-0.156246,False,False,True,True
21,18,0.078407,0.270883,0.107929,-0.015904,0.228816,-0.115553,-0.248851,0.022554,0.187139,0.126890,0.012459,0.013181,-0.004631,-0.005692,False,True,False,True
1,4,0.270353,0.253462,-0.000912,-0.119483,0.153614,0.253853,0.161056,0.337277,-0.099657,0.304041,0.007984,0.009401,-0.009189,-0.010118,False,False,True,True
16,31,0.269828,0.268643,0.247500,0.158531,0.333850,0.011211,-0.101703,0.126441,0.190931,0.076919,0.026096,0.023503,-0.056155,-0.052881,False,False,True,True
11,19,0.269439,0.264850,-0.053600,-0.165302,0.074335,0.323612,0.238121,0.415848,-0.091510,0.317343,0.045218,0.045029,-0.147841,-0.147447,False,False,True,True
0,18,-0.269391,0.234168,-0.203648,-0.259041,-0.153537,-0.129882,-0.202603,-0.057333,0.164552,-0.091536,0.049332,0.049325,0.035273,0.035273,True,False,True,True
2,2,0.226353,0.269336,-0.132149,-0.247912,0.015944,0.046805,-0.089239,0.143983,-0.008858,0.245021,0.007601,0.008808,-0.035503,-0.036600,False,False,True,True
7,4,0.269227,0.267974,0.299798,0.168798,0.423185,-0.010480,-0.146814,0.113979,0.289084,-0.041075,0.038843,0.037571,-0.121312,-0.117668,False,False,True,True
26,4,-0.268901,-0.164695,-0.052784,-0.219329,0.091442,-0.195811,-0.280166,-0.108222,-0.046996,-0.060519,0.060167,0.062165,0.148714,0.145545,False,False,True,True
11,7,-0.268829,-0.267846,-0.143359,-0.245223,-0.014985,-0.119136,-0.280651,0.037210,-0.265464,-0.084019,0.105915,0.105270,0.151671,0.152465,False,False,True,True
31,7,0.268522,0.197760,-0.092244,-0.210547,0.022055,0.328125,0.228375,0.424110,-0.046571,0.099153,0.098500,0.097777,-0.219495,-0.228877,False,False,True,True
10,6,-0.268397,-0.225288,-0.368869,-0.486974,-0.240743,-0.034333,-0.178338,0.105538,-0.189210,0.076407,0.044153,0.042214,0.249754,0.249344,False,False,True,True
11,13,-0.268369,-0.146030,-0.090082,-0.190750,0.018360,-0.213104,-0.307159,-0.115450,-0.192839,-0.142101,0.085682,0.093605,0.088873,0.053933,False,False,True,True
14,9,0.242184,0.268323,-0.088204,-0.223960,0.059886,0.151952,0.028092,0.259945,-0.072238,0.319194,0.036837,0.037902,-0.204610,-0.203974,False,False,True,True
8,13,0.268306,0.267087,0.104622,-0.009788,0.218624,0.215855,0.085725,0.333798,-0.008035,0.235205,0.046058,0.052733,-0.216430,-0.235659,False,False,True,True
28,2,-0.268268,0.259230,0.149322,0.037357,0.244104,-0.355036,-0.474745,-0.237025,0.372209,-0.130495,0.019390,0.021953,0.053570,0.057822,False,False,True,True
11,25,0.155615,0.267972,-0.172341,-0.265908,-0.069019,-0.100180,-0.203414,0.000291,0.094812,0.155322,0.086478,0.086525,-0.185941,-0.160047,False,False,True,True
7,6,-0.267778,-0.172141,-0.060952,-0.164821,0.035120,-0.181992,-0.308096,-0.053194,-0.006580,-0.134572,0.080255,0.082903,0.187366,0.194392,False,False,True,True
8,4,0.241304,0.267728,-0.025919,-0.147526,0.124738,0.101465,-0.053306,0.247095,-0.088033,0.312406,0.031744,0.029744,-0.127430,-0.124727,False,False,True,True
9,8,0.254514,0.267599,0.211420,0.103926,0.325869,0.043332,-0.078560,0.162272,0.039075,0.203851,0.052643,0.052029,-0.348901,-0.344752,False,False,True,True
28,22,0.224800,0.267094,0.089001,-0.071099,0.256200,0.001806,-0.105595,0.106380,0.158512,0.128512,0.003839,0.003483,-0.006502,-0.004836,False,True,True,True
4,0,-0.266933,-0.259280,-0.201135,-0.278695,-0.118195,-0.191731,-0.279434,-0.106786,-0.084061,-0.122466,0.018564,0.018819,0.115781,0.111900,True,False,True,True
4,27,0.266711,0.265341,0.268756,0.155532,0.381568,0.123051,0.011621,0.229111,0.215675,0.098252,0.018255,0.017001,-0.107467,-0.107179,True,False,True,True
9,9,0.266646,0.249247,0.049133,-0.066240,0.177651,0.237369,0.137481,0.339875,-0.089762,0.263051,0.030960,0.029310,-0.120416,-0.114638,False,False,True,True
28,6,-0.266343,0.129959,-0.069675,-0.282719,0.110395,-0.258797,-0.396328,-0.148511,0.096718,0.039411,0.012612,0.015227,0.005641,0.009812,False,False,True,False
4,28,0.266095,0.252304,0.328093,0.230826,0.421188,-0.003335,-0.112020,0.113653,0.155164,0.025109,0.027842,0.028032,-0.127907,-0.122281,False,False,True,True
19,12,-0.265947,0.001812,-0.130510,-0.262630,-0.006590,-0.214305,-0.361496,-0.054829,0.220679,-0.208623,0.120558,0.127928,0.065679,0.074363,True,False,True,False
11,30,-0.265715,-0.106916,-0.196922,-0.317929,-0.073458,-0.125221,-0.269710,-0.000459,-0.170297,0.221288,0.081665,0.078511,0.388671,0.385958,True,False,True,True
13,29,0.222353,0.265667,-0.104955,-0.271567,0.076236,0.113311,-0.064212,0.281195,0.062571,0.164510,0.056680,0.059486,-0.126409,-0.127561,False,False,True,True
21,24,-0.265629,0.058099,-0.321310,-0.465964,-0.169100,-0.106903,-0.220795,0.015420,0.035850,-0.238790,0.101529,0.104906,0.036190,0.031257,False,False,True,False
7,20,0.229181,0.265323,-0.088927,-0.229173,0.067658,-0.028765,-0.181645,0.113384,0.064717,0.198761,0.031993,0.031683,-0.222691,-0.231421,False,False,True,True
11,12,-0.265260,-0.213600,-0.062301,-0.184584,0.056128,-0.172024,-0.290483,-0.047122,-0.050782,-0.098556,0.095788,0.092461,0.155415,0.198528,False,False,True,True
2,1,0.175388,-0.265143,-0.080734,-0.184945,0.022872,-0.102785,-0.190271,-0.005707,0.008689,-0.308606,0.034709,0.033144,-0.072368,-0.065687,False,False,True,True
6,10,0.253382,0.265002,0.090906,-0.009186,0.192740,0.086440,-0.027615,0.204451,0.051903,0.173512,0.022257,0.021241,-0.049472,-0.046889,False,False,True,True
3,15,0.264973,0.203214,0.046650,-0.023189,0.113157,0.184133,0.101504,0.268963,-0.109107,0.032826,0.014946,0.014511,-0.031774,-0.032322,False,False,True,True
0,30,-0.264894,-0.119807,-0.096071,-0.166859,-0.029291,-0.146435,-0.247051,-0.039719,-0.030917,-0.011096,0.008530,0.008530,0.012759,0.012764,False,False,True,True
2,6,-0.225942,0.264762,-0.070843,-0.167386,0.022359,-0.054419,-0.098404,-0.010733,0.151233,0.252463,0.021172,0.021070,0.026538,0.027783,False,False,True,True
7,21,-0.264749,-0.083366,-0.166509,-0.289728,-0.042157,-0.096571,-0.232396,0.025913,-0.066944,0.223139,0.044018,0.047572,0.153537,0.158263,False,False,True,False
14,22,0.264465,0.061737,0.362849,0.234030,0.455047,-0.095600,-0.232531,0.040557,0.054889,-0.395010,0.140086,0.136028,-0.476288,-0.436926,False,False,True,False
10,3,-0.264259,-0.204231,-0.098893,-0.249392,0.082994,-0.133130,-0.289471,0.005258,-0.107526,-0.002392,0.079234,0.072608,0.205842,0.126104,False,False,True,True
31,31,0.234700,0.263908,0.274315,0.165312,0.375262,-0.152028,-0.289487,-0.014844,0.192255,0.042212,0.030077,0.025106,-0.045363,-0.033358,False,False,True,True
7,12,0.263883,0.260695,0.150963,0.042919,0.268739,0.123785,0.007096,0.241466,0.072961,0.136966,0.056247,0.057676,-0.229612,-0.236467,True,False,True,True
30,5,0.018975,0.263564,0.082769,-0.017077,0.185000,0.404882,0.301591,0.501542,0.214649,0.066946,0.008065,0.010831,0.008051,0.010992,False,False,False,True
12,19,0.263461,0.259171,-0.017268,-0.147465,0.127750,0.235473,0.087783,0.379798,-0.027424,0.265659,0.039787,0.039065,-0.084089,-0.084463,False,False,True,True
16,29,0.262293,0.263272,0.131133,0.033225,0.228967,0.092196,-0.018365,0.206669,0.035246,0.233730,0.030795,0.029776,-0.072668,-0.070392,False,False,True,True
2,17,0.256589,0.263090,0.131722,0.009273,0.264657,0.095776,-0.068157,0.232719,-0.024840,0.232834,0.004554,0.004932,-0.021886,-0.023119,False,False,True,True
18,21,-0.262762,-0.101459,-0.170132,-0.362499,0.028691,-0.275882,-0.403289,-0.160530,0.099577,-0.458559,0.013608,0.015360,0.003779,0.001740,False,False,True,False
13,11,0.257644,0.262735,0.117445,0.028901,0.205509,0.083813,-0.026863,0.190174,0.120293,0.136998,0.173046,0.168265,-0.508752,-0.517104,False,False,True,True
0,22,-0.262598,-0.137930,-0.401639,-0.476187,-0.335037,-0.087952,-0.180217,-0.006949,0.024667,0.042110,0.015136,0.015134,0.139640,0.140819,False,False,True,True
12,0,0.262202,0.227548,0.063703,-0.116598,0.264254,0.167736,0.042447,0.288176,-0.044247,0.138234,0.087106,0.092118,-0.108042,-0.143447,False,False,True,True
8,23,0.238990,0.262174,0.047341,-0.070520,0.169834,-0.014164,-0.167745,0.138850,0.025894,0.196949,0.023337,0.024466,-0.178895,-0.176897,False,False,True,True
25,10,-0.126297,0.261900,-0.029868,-0.192299,0.119888,-0.201027,-0.306705,-0.095010,0.083004,0.153444,0.030454,0.029669,0.000019,0.002945,False,False,True,True
4,25,0.251678,0.261857,0.181608,0.027159,0.331819,0.176972,0.032283,0.333122,0.005620,0.211426,0.030663,0.030442,-0.403653,-0.404355,True,False,True,True
0,16,-0.249394,0.261818,-0.000599,-0.140394,0.128298,-0.149257,-0.281651,0.001679,0.005361,0.185563,0.029317,0.028977,0.152242,0.141217,False,False,True,True
8,10,-0.109060,0.261755,0.029984,-0.101819,0.146886,-0.092214,-0.221278,0.044016,0.088665,0.132662,0.049464,0.050787,0.019666,0.014485,False,False,False,True
30,28,0.171087,0.261750,0.460081,0.366421,0.557999,-0.040804,-0.177752,0.100328,0.434658,0.036153,0.054926,0.079652,0.087005,-0.101478,False,False,True,True
29,19,-0.261647,0.253071,0.065159,-0.121050,0.259172,-0.255169,-0.374823,-0.137409,0.230742,0.143955,0.019528,0.021636,0.036973,0.040436,False,True,True,True
7,1,0.261446,0.219062,0.163752,0.063248,0.282585,0.118103,0.009020,0.229025,0.142702,-0.180620,0.068258,0.070983,-0.344646,-0.339308,True,False,True,True
29,1,-0.026821,0.261408,-0.026816,-0.194411,0.121073,0.008163,-0.091759,0.118591,0.097527,0.199195,0.003407,0.003610,-0.000344,0.000905,False,False,False,True
3,30,0.260423,0.184166,0.097733,0.005712,0.179062,0.135071,0.050879,0.219414,-0.000830,-0.288220,0.095759,0.099445,-0.385112,-0.357259,False,False,True,True
18,7,0.260156,0.240965,0.111603,0.018655,0.210643,0.115982,-0.011942,0.247768,0.016938,0.213988,0.007208,0.007488,-0.011152,-0.010601,False,False,True,True
25,1,-0.138176,0.260081,0.235851,0.155515,0.313096,0.079752,-0.025023,0.192742,0.047959,0.278443,0.028069,0.030738,0.053958,0.052078,False,False,True,True
6,19,0.259953,0.182682,0.197697,0.098728,0.315631,0.040174,-0.070712,0.154547,0.055135,-0.163823,0.028254,0.028516,-0.106839,-0.105143,False,False,True,True
0,7,0.231607,0.259649,0.102884,0.038108,0.172154,-0.054669,-0.141982,0.040510,0.020586,0.186663,0.065946,0.066155,-0.183265,-0.180279,False,False,True,True
11,11,0.192098,0.259423,-0.043790,-0.154125,0.064232,-0.172841,-0.278950,-0.059649,0.091577,0.117059,0.093450,0.093278,-0.280510,-0.271806,False,False,True,True
0,14,-0.259380,0.230603,-0.160084,-0.248644,-0.074672,-0.077424,-0.175747,0.033663,0.149160,-0.059563,0.054014,0.053923,0.235167,0.204559,False,False,True,True
3,28,0.259345,0.214096,0.186720,0.086231,0.272685,0.099322,-0.005872,0.212401,-0.065262,-0.120065,0.043225,0.042239,-0.247318,-0.240243,False,False,True,True
7,7,-0.259129,-0.200974,-0.099507,-0.203886,0.000213,-0.161831,-0.282047,-0.043618,-0.023419,-0.030671,0.053080,0.058519,0.302577,0.290885,False,False,True,True
10,18,0.253705,0.259030,0.146761,0.027251,0.261774,0.054470,-0.088906,0.188258,0.212322,0.029108,0.161050,0.174333,-0.225953,-0.341425,False,False,True,True
20,17,-0.258781,-0.039931,-0.211867,-0.300504,-0.119599,0.001709,-0.133002,0.130645,-0.009526,0.069199,0.040835,0.037988,0.080989,0.072210,False,False,True,False
23,9,0.102940,0.258619,-0.268543,-0.415946,-0.102901,0.063460,-0.058217,0.179189,0.003102,0.242433,0.024739,0.021202,-0.027160,-0.021721,False,False,False,True
6,16,0.256130,0.258598,0.125487,0.018909,0.236292,0.086586,-0.033674,0.210796,-0.030173,0.227152,0.031011,0.028838,-0.132771,-0.127457,False,False,True,True
3,16,0.258546,0.228708,0.086664,-0.000704,0.163637,0.117391,0.021179,0.211599,-0.028820,0.106712,0.008891,0.008530,-0.018685,-0.017088,False,False,True,True
0,21,-0.258323,-0.203579,-0.315355,-0.397372,-0.233549,-0.051468,-0.158289,0.056084,-0.241371,-0.067243,0.042259,0.042250,0.020339,0.020036,False,False,True,True
16,15,0.237411,0.258304,0.167206,0.046010,0.282793,-0.052213,-0.182347,0.059881,0.205793,0.026116,0.068113,0.058084,-0.115461,-0.109614,False,False,True,True
6,9,-0.258046,-0.235969,-0.005800,-0.118222,0.112523,-0.198509,-0.319070,-0.084419,-0.020206,-0.199536,0.063022,0.061022,0.109217,0.104702,False,False,True,True
9,17,-0.257722,0.146260,-0.034970,-0.176706,0.089928,-0.245860,-0.352177,-0.133142,0.101479,-0.181954,0.058131,0.061326,0.046706,0.041427,False,False,True,True
15,7,0.232277,0.257558,0.036371,-0.078049,0.154082,0.021174,-0.127597,0.158446,0.021732,0.228793,0.068404,0.063952,-0.167951,-0.160513,False,False,True,True
7,28,0.251398,0.257450,0.111543,-0.020742,0.251132,0.094107,-0.042206,0.231876,0.163929,0.053798,0.061730,0.066464,-0.419570,-0.427820,False,False,True,True
5,3,0.257204,0.232320,0.046805,-0.057430,0.161715,0.175067,0.061898,0.294554,-0.090858,0.127843,0.029457,0.031143,-0.145263,-0.143988,False,False,True,True
23,7,-0.257104,-0.130769,0.026658,-0.109295,0.151439,-0.608342,-0.667381,-0.544829,0.268793,-0.582089,0.049530,0.059528,0.033312,-0.060538,False,False,True,False
1,9,-0.257030,-0.191511,-0.252283,-0.338676,-0.166309,0.023773,-0.067041,0.103145,-0.121357,0.145546,0.015703,0.016316,0.061297,0.064871,False,False,True,True
2,26,0.256958,0.054341,-0.089280,-0.210314,0.037995,0.342882,0.218639,0.458015,-0.025980,-0.319552,0.028721,0.033192,-0.227721,-0.229863,False,False,True,False
14,0,0.256753,0.240669,0.277131,0.161409,0.385584,-0.085194,-0.210812,0.034890,0.278906,-0.131542,0.116025,0.104155,-0.332163,-0.323866,False,False,True,True
21,9,0.239720,0.256702,-0.126082,-0.264580,0.007654,0.254582,0.141147,0.357420,0.020824,0.247020,0.041266,0.045277,-0.054436,-0.063040,False,False,True,True
15,17,-0.256509,0.014784,-0.193712,-0.333343,-0.051361,-0.088191,-0.218608,0.045617,-0.176213,0.012225,0.058585,0.052475,0.035633,0.054034,False,False,True,False
9,16,-0.256015,0.007863,-0.045235,-0.198278,0.084404,-0.238744,-0.377747,-0.091701,-0.047177,-0.181866,0.094587,0.092549,0.079233,0.060289,False,False,True,False
4,5,0.255811,0.246968,0.063473,-0.000384,0.135461,0.161124,0.080200,0.237976,-0.170876,0.263344,0.032843,0.032191,-0.166462,-0.172367,False,False,True,True
16,13,0.242046,0.255457,0.225852,0.092886,0.359676,-0.115133,-0.265104,0.044698,0.207395,0.011787,0.065146,0.054224,-0.128112,-0.122792,False,False,True,True
9,19,-0.255393,0.087937,-0.125367,-0.252457,-0.014179,-0.224429,-0.343370,-0.101520,-0.020883,-0.109794,0.082532,0.078514,0.039920,0.034973,True,False,True,False
6,6,-0.255171,-0.127257,-0.199741,-0.292960,-0.101250,-0.000645,-0.146841,0.122752,0.018720,0.044970,0.121804,0.130695,0.427324,0.351420,False,False,True,True
11,29,-0.255068,0.161826,-0.082555,-0.221281,0.060679,-0.112326,-0.255937,0.039395,0.039273,-0.223248,0.044277,0.045594,0.181629,0.186373,False,False,True,True
24,3,0.137986,0.254092,-0.030306,-0.162385,0.100111,-0.135923,-0.232367,-0.041012,0.426213,-0.294994,0.054571,0.059091,-0.074962,-0.073253,False,False,True,True
12,21,0.196565,0.253658,-0.251656,-0.367068,-0.137029,-0.174198,-0.320083,-0.019720,0.147371,0.036406,0.068190,0.066697,-0.355908,-0.350869,True,False,True,True
19,7,0.181875,0.253621,-0.038820,-0.196363,0.123675,-0.081769,-0.201682,0.030126,0.085074,0.157915,0.032434,0.030687,-0.060475,-0.055253,False,False,True,True
13,24,0.253468,0.218316,-0.053943,-0.161742,0.068479,0.209327,0.075627,0.334673,-0.165979,0.194893,0.042755,0.044774,-0.138277,-0.145075,False,False,True,True
12,22,0.239450,0.253431,-0.036673,-0.162916,0.104204,0.090535,-0.072022,0.255148,-0.003437,0.170215,0.060403,0.061830,-0.247354,-0.251443,False,False,True,True
21,21,-0.253245,-0.195409,-0.011648,-0.161816,0.134889,-0.156512,-0.274636,-0.035165,0.028555,-0.198472,0.048461,0.048376,0.121505,0.102786,False,False,True,True
3,29,0.236751,0.253145,0.036221,-0.092723,0.155619,-0.064495,-0.168448,0.037287,0.251023,-0.057902,0.032601,0.032243,-0.350066,-0.342755,False,False,True,True
6,3,0.252653,-0.126163,0.119354,0.000450,0.244129,0.054199,-0.070861,0.182220,-0.182938,0.114810,0.048128,0.047287,-0.170351,-0.179178,False,False,True,True
8,28,-0.252595,0.093688,-0.108143,-0.199231,-0.008659,-0.077020,-0.193859,0.047664,0.006034,0.086788,0.074224,0.073920,0.130432,0.139035,False,False,True,False
20,4,0.108389,0.252346,0.161615,0.027619,0.312332,0.273853,0.135600,0.416467,0.023339,0.322461,0.010277,0.010754,0.003152,0.005463,True,False,False,True
2,5,0.225553,0.251999,-0.176340,-0.265671,-0.082959,-0.007916,-0.116569,0.096720,-0.018801,0.171613,0.030959,0.030567,-0.229683,-0.225004,False,False,True,True
24,14,0.251921,0.235352,0.014557,-0.160224,0.211134,0.158380,0.012532,0.288965,-0.033298,0.188604,0.042050,0.039704,-0.085051,-0.077680,False,False,True,True
30,0,-0.251854,0.013455,-0.010478,-0.169024,0.132677,-0.203866,-0.300435,-0.105467,0.050886,-0.024673,0.061260,0.066829,0.066606,0.071466,False,False,True,False
17,0,-0.251667,0.036732,-0.214312,-0.354292,-0.074461,-0.442680,-0.535253,-0.341389,0.090994,-0.391168,0.050710,0.047812,-0.009344,-0.015521,True,False,True,False
5,21,-0.251594,-0.062654,-0.064148,-0.170808,0.039315,-0.094925,-0.216439,0.015993,0.020229,0.241083,0.009313,0.009576,0.031999,0.031277,False,False,True,False
3,22,-0.251265,-0.012947,-0.187538,-0.341382,-0.007068,-0.031268,-0.115743,0.040760,0.267058,0.066720,0.042741,0.044479,0.055292,0.057900,False,False,True,False
12,9,0.250812,0.171607,0.184760,0.058254,0.314558,-0.017870,-0.165441,0.133924,-0.068268,-0.100435,0.128215,0.130465,-0.368649,-0.379328,False,False,True,True
14,21,0.250617,0.204015,0.024554,-0.130225,0.167933,0.127271,0.005066,0.250634,0.042846,-0.075833,0.115985,0.113041,-0.434636,-0.407036,False,False,True,True
10,29,-0.250615,-0.158763,-0.056302,-0.204443,0.096247,-0.284315,-0.395880,-0.178065,-0.018137,-0.244739,0.189029,0.192856,0.062173,0.097840,False,False,True,True
12,25,0.226614,0.250583,-0.072518,-0.184217,0.047539,0.064826,-0.092519,0.218248,0.068727,0.095161,0.068280,0.072556,-0.198719,-0.209592,False,False,True,True
9,0,-0.250569,-0.062113,-0.098767,-0.242806,0.043368,-0.094723,-0.261088,0.066986,-0.244803,-0.019665,0.066198,0.066087,0.097779,0.096835,False,False,True,False
28,16,-0.250563,0.059944,-0.231790,-0.397163,-0.069747,-0.249914,-0.363467,-0.134498,-0.043513,-0.143672,0.024866,0.026045,0.005393,-0.001823,True,False,True,False
8,18,-0.250219,-0.109945,-0.105321,-0.280025,0.071499,-0.106614,-0.235649,0.018481,-0.082188,0.028477,0.074804,0.074283,0.595382,0.589129,False,False,True,False
0,1,0.222865,0.249046,0.099346,-0.067770,0.249073,-0.202704,-0.346830,-0.025428,0.106891,0.057014,0.040028,0.040078,-0.192324,-0.197114,False,False,True,True
2,16,0.248691,0.247433,0.102312,0.026588,0.178930,0.043028,-0.055319,0.142648,-0.068545,0.177780,0.028221,0.030285,-0.110142,-0.119380,False,False,True,True
12,23,0.217175,0.248689,0.052376,-0.050140,0.172612,0.066952,-0.066013,0.215498,0.047389,0.107737,0.068107,0.075894,-0.079643,-0.080901,False,False,True,True
23,19,0.152087,0.248638,-0.193810,-0.314096,-0.064686,0.079624,-0.015762,0.166122,0.035785,0.176073,0.087289,0.078232,-0.113189,-0.094931,False,False,True,True
5,5,-0.248552,-0.119092,-0.128237,-0.204357,-0.054031,-0.016710,-0.111090,0.072556,0.185272,0.180575,0.084481,0.084035,0.259830,0.262140,False,True,True,True
7,27,-0.085999,-0.248414,0.009056,-0.093230,0.104909,-0.243451,-0.366270,-0.120879,-0.206243,-0.027098,0.061809,0.059397,-0.004486,-0.010764,False,False,False,True
15,22,0.153290,0.248322,-0.137851,-0.297203,0.022338,-0.227162,-0.337680,-0.110425,0.285804,-0.089494,0.163113,0.163223,-0.397685,-0.396818,False,False,True,True
8,2,-0.248229,-0.140546,-0.123111,-0.239504,-0.020459,-0.146198,-0.271295,-0.025070,-0.134480,-0.150354,0.117411,0.121409,0.097123,0.080575,True,True,True,True
7,11,0.248118,0.201933,0.157754,0.047355,0.277951,-0.014351,-0.161264,0.125990,-0.030893,-0.088875,0.108168,0.106964,-0.436137,-0.442325,False,False,True,True
8,29,-0.247974,-0.115448,-0.056380,-0.166994,0.051686,-0.079422,-0.205101,0.040392,-0.042783,0.139786,0.097410,0.100454,0.453189,0.446328,False,False,True,True
1,20,-0.247511,-0.000653,-0.180962,-0.306564,-0.052028,0.023128,-0.071408,0.128784,0.008570,0.237450,0.000376,0.000393,0.000854,0.000956,False,False,True,False
12,20,0.204173,0.247145,-0.115208,-0.248104,0.037510,0.025797,-0.093890,0.147671,-0.058167,0.202314,0.037945,0.038697,-0.089141,-0.089097,False,False,True,True
29,21,-0.247047,-0.045075,-0.092197,-0.201995,0.025203,-0.048591,-0.245937,0.145576,0.279173,-0.246046,0.093038,0.082268,0.221898,0.197072,False,False,True,False
4,4,0.246905,0.221143,0.055117,-0.025943,0.144605,0.078006,-0.012909,0.175793,-0.057532,0.063137,0.055338,0.050204,-0.150414,-0.143506,False,False,True,True
2,28,0.238337,0.246816,-0.062900,-0.179271,0.065122,0.094002,-0.005475,0.187828,-0.125331,0.316062,0.012683,0.012783,-0.063661,-0.064155,False,False,True,True
15,8,0.243556,0.246636,0.049711,-0.075133,0.178492,0.068367,-0.083163,0.210244,0.182639,-0.025312,0.096231,0.089103,-0.232310,-0.238101,False,False,True,True
31,17,-0.246407,0.063747,-0.230418,-0.384432,-0.043204,-0.068912,-0.177169,0.030988,0.002066,-0.132951,0.009473,0.009257,0.005755,0.005727,False,False,True,False
10,21,0.165456,0.246320,0.078985,-0.053565,0.204433,-0.082510,-0.248040,0.093876,0.196765,0.023831,0.069402,0.081091,-0.044835,-0.113763,False,False,True,True
29,20,-0.246236,-0.050023,-0.115585,-0.222004,-0.007105,-0.051304,-0.236056,0.118827,0.184657,-0.256808,0.083956,0.068350,0.134925,0.109619,False,False,True,False
3,6,0.212154,0.245840,-0.077213,-0.149990,-0.008036,0.044015,-0.042849,0.126212,-0.103000,0.236554,0.005124,0.005271,-0.011072,-0.011548,False,False,True,True
3,5,0.245330,0.242769,0.116319,0.023636,0.209438,0.018387,-0.070996,0.106919,-0.021598,0.166233,0.003494,0.003520,-0.008393,-0.008824,False,False,True,True
16,14,0.225554,0.245193,0.222651,0.081587,0.354870,-0.185918,-0.339518,-0.021326,0.272556,-0.111050,0.074201,0.067483,-0.163985,-0.151158,False,False,True,True
2,0,0.218708,0.245021,-0.194393,-0.319076,-0.070966,-0.009551,-0.170840,0.142497,-0.080290,0.215769,0.007925,0.007828,-0.045834,-0.042109,False,False,True,True
31,1,0.244930,0.193420,-0.058069,-0.163277,0.048065,0.193060,0.066361,0.321028,-0.227348,0.206735,0.052991,0.060308,-0.085489,-0.097352,False,False,True,True
22,4,0.160537,0.244888,0.099515,-0.054315,0.245160,-0.181180,-0.280458,-0.068835,-0.067847,0.239971,0.037598,0.033617,-0.039857,-0.046840,False,False,True,True
10,27,0.182170,0.244699,-0.374349,-0.451531,-0.292084,0.028782,-0.090721,0.140079,0.023070,0.118366,0.117434,0.120299,-0.358423,-0.407445,False,False,True,True
30,19,0.113197,0.244524,-0.172815,-0.322044,0.001752,0.006965,-0.123810,0.144907,0.005663,0.149465,0.038739,0.034238,-0.042083,-0.032052,False,False,True,True
16,30,0.205644,0.244514,-0.080840,-0.233642,0.088028,-0.059150,-0.204300,0.094532,0.082797,0.069541,0.043641,0.041280,-0.126881,-0.128211,False,False,True,True
24,0,-0.194513,0.244399,-0.150531,-0.325472,0.019167,-0.213318,-0.292555,-0.122430,0.265987,-0.094951,0.022211,0.023350,-0.002220,0.005303,False,False,True,True
27,17,-0.244215,0.135785,0.034422,-0.125254,0.169323,-0.145821,-0.267117,-0.011139,0.081603,0.229924,0.006994,0.007709,0.016547,0.017149,False,False,True,True
0,23,0.200491,0.244057,-0.030091,-0.093414,0.030078,0.002281,-0.069325,0.075912,0.051036,0.058750,0.093490,0.091843,-0.146527,-0.173009,False,False,True,True
16,12,0.231350,0.244022,0.054574,-0.084055,0.195950,-0.046425,-0.178909,0.085945,0.132874,-0.003140,0.082436,0.082159,-0.306765,-0.299102,False,False,True,True
6,5,0.243693,0.184552,0.135609,0.037544,0.243927,-0.035931,-0.162276,0.094834,-0.256129,-0.038933,0.040939,0.038389,-0.166158,-0.174187,False,False,True,True
6,27,0.243635,0.154426,0.185799,0.095749,0.286038,-0.006864,-0.095971,0.088972,0.034576,-0.228141,0.031526,0.031735,-0.045072,-0.046755,False,False,True,True
14,27,0.184107,0.243526,-0.195321,-0.350324,-0.030937,-0.038404,-0.160417,0.086947,0.061173,0.084552,0.048416,0.045615,-0.129823,-0.118523,False,False,True,True
12,30,0.234810,0.243448,0.090615,-0.022738,0.209015,-0.038019,-0.163595,0.082734,0.098723,0.036266,0.047699,0.051013,-0.160190,-0.162874,False,False,True,True
6,13,0.242898,0.218044,0.036252,-0.087306,0.172642,0.067021,-0.061164,0.199596,-0.120902,0.029141,0.028968,0.027404,-0.300194,-0.302690,False,False,True,True
5,16,0.237603,0.242775,-0.019644,-0.135308,0.101936,0.087431,-0.062657,0.240277,0.016232,0.103934,0.043519,0.045208,-0.117222,-0.132656,False,False,True,True
23,29,0.212503,0.242034,-0.156568,-0.284844,-0.018144,0.230359,0.111039,0.344882,-0.019956,0.248880,0.009831,0.010229,-0.012129,-0.011070,False,False,True,True
5,8,-0.241924,-0.160918,-0.139459,-0.290764,-0.010013,0.057859,-0.054952,0.156051,0.177485,0.097026,0.008573,0.008261,0.042567,0.045540,False,False,True,True
8,16,0.240185,0.241750,-0.013155,-0.126867,0.099863,0.141734,0.030097,0.256080,-0.103324,0.196276,0.029041,0.028360,-0.050703,-0.050715,False,False,True,True
1,22,-0.241544,-0.118923,-0.090442,-0.162187,-0.005075,0.001181,-0.110917,0.102107,0.152256,-0.228655,0.010282,0.010721,0.037655,0.040771,False,False,True,False
8,31,-0.241362,-0.150321,-0.049643,-0.128851,0.034985,-0.056403,-0.161997,0.055534,0.035784,0.006476,0.096619,0.114516,0.284949,0.243063,False,False,True,True
10,0,0.231410,0.241077,-0.042873,-0.147865,0.057151,0.100188,-0.012026,0.225572,0.005312,0.137326,0.039414,0.033954,-0.094364,-0.087400,False,False,True,True
19,4,-0.240544,0.011342,-0.204580,-0.358833,-0.035380,0.057799,-0.082309,0.192751,-0.044572,0.228772,0.039988,0.037264,0.058497,0.068376,False,False,True,False
0,20,0.235757,0.240509,-0.029192,-0.122372,0.057416,-0.093569,-0.205122,0.032495,0.106760,0.004171,0.035654,0.033387,-0.642134,-0.662541,False,False,True,True
17,5,0.240266,0.225336,0.108767,-0.008858,0.229065,0.093419,-0.009480,0.188886,0.016336,0.161137,0.079235,0.091523,-0.086610,-0.092943,False,False,True,True
24,4,-0.238209,0.240020,-0.058828,-0.229992,0.125256,-0.126032,-0.225388,-0.020631,0.194655,0.099562,0.057051,0.060973,0.055159,0.072173,False,False,True,True
31,0,0.239947,0.177027,0.040920,-0.092568,0.173420,0.080399,-0.048050,0.218083,-0.123845,0.092475,0.062004,0.068040,-0.121457,-0.125574,False,False,True,True
10,5,-0.239859,-0.131274,-0.180064,-0.289851,-0.058468,0.101296,-0.019454,0.215871,-0.234025,0.324921,0.032902,0.032918,0.132986,0.131208,False,False,True,True
2,27,0.239403,0.224436,-0.221796,-0.351425,-0.092772,0.231647,0.029877,0.391025,-0.245446,0.254800,0.006691,0.006890,-0.047909,-0.046353,False,False,True,True
24,2,-0.220082,0.239187,-0.253201,-0.390362,-0.124498,0.116983,-0.014963,0.248549,0.075350,0.239688,0.018115,0.018308,0.019597,0.024035,False,False,True,True
5,13,0.232945,0.239076,0.061034,-0.050488,0.173433,-0.101231,-0.240676,0.037296,0.005541,0.097145,0.026097,0.025772,-0.173998,-0.159905,False,False,True,True
6,7,0.236720,0.238862,0.057911,-0.062091,0.186522,-0.024195,-0.159757,0.098073,0.143506,-0.041438,0.082355,0.081908,-0.349544,-0.388878,False,False,True,True
20,19,-0.238613,-0.149387,-0.135051,-0.251641,-0.026067,0.039633,-0.101162,0.169421,-0.187338,0.217454,0.011205,0.010854,0.027888,0.028131,False,False,True,True
19,16,-0.238568,0.137132,-0.116154,-0.248380,0.040109,-0.118362,-0.253723,0.012421,-0.013818,-0.094858,0.018250,0.020125,0.016199,0.014605,False,False,True,True
3,9,0.238423,0.141064,0.001790,-0.125095,0.149126,0.008783,-0.082649,0.093788,-0.100531,-0.193470,0.026273,0.026761,-0.245193,-0.241493,False,False,True,True
31,23,0.165521,0.238124,-0.294284,-0.395679,-0.180730,0.158795,0.055974,0.261526,-0.105458,0.240497,0.005930,0.006807,-0.007484,-0.009227,False,False,True,True
22,6,-0.237959,-0.092166,-0.014082,-0.169508,0.170301,-0.128707,-0.261805,0.012815,-0.145410,0.140707,0.174631,0.181562,0.233678,0.276950,False,False,True,False
10,8,0.155815,0.237745,-0.197610,-0.346518,-0.055496,-0.134870,-0.275663,0.001468,-0.000776,0.142739,0.081449,0.076790,-0.189000,-0.176640,False,False,True,True
13,22,0.227966,0.237735,-0.011802,-0.129495,0.105710,-0.003325,-0.167376,0.165995,0.061322,0.060919,0.089265,0.087080,-0.323057,-0.290742,False,False,True,True
18,5,-0.237607,-0.084890,-0.069415,-0.246711,0.100418,-0.390602,-0.500483,-0.270361,0.099600,-0.479946,0.011975,0.015213,0.000112,-0.001312,False,False,True,False
5,22,0.193652,-0.237398,0.046449,-0.117488,0.213479,-0.048447,-0.174377,0.076290,-0.025545,-0.134125,0.023662,0.027676,-0.040084,-0.035137,False,False,True,True
19,31,-0.237381,0.189336,-0.178645,-0.338269,0.003500,-0.001070,-0.107615,0.115577,-0.031023,0.108845,0.010572,0.010950,0.011735,0.014858,False,False,True,True
30,7,-0.217279,0.237351,0.114459,-0.140755,0.329051,-0.228144,-0.363931,-0.089759,0.206721,0.012682,0.013376,0.016372,0.009741,0.016406,False,False,True,True
18,13,-0.237037,0.007946,-0.253446,-0.334284,-0.157827,0.120143,-0.030003,0.237701,-0.164051,-0.004354,0.007633,0.006418,0.010055,0.010139,False,False,True,False
31,4,-0.236970,0.163735,0.106261,-0.017688,0.217280,-0.166606,-0.239445,-0.088025,-0.010912,0.079106,0.014102,0.017064,0.033538,0.033290,False,False,True,True
1,15,0.236933,0.180273,-0.079466,-0.198261,0.071900,0.076751,-0.164920,0.273954,-0.107619,-0.001946,0.044461,0.043370,-0.299504,-0.303120,False,False,True,True
1,12,-0.231475,0.236560,0.077818,-0.043896,0.194111,-0.085809,-0.194884,0.029818,0.163831,0.073744,0.045593,0.044031,0.152684,0.155875,False,False,True,True
3,2,0.224160,0.236458,-0.041338,-0.123837,0.043372,0.046398,-0.058086,0.147560,-0.088631,0.140135,0.030360,0.030813,-0.076597,-0.077706,False,False,True,True
4,7,0.236416,0.211430,-0.002356,-0.096354,0.095014,0.038429,-0.050869,0.123378,0.000170,-0.126858,0.049272,0.048668,-0.194740,-0.191770,False,False,True,True
25,7,-0.236245,-0.147765,0.002994,-0.134515,0.129128,-0.502637,-0.558807,-0.443020,0.330359,-0.635146,0.052449,0.064735,0.026463,-0.045944,False,False,True,False
21,16,0.076954,0.235924,-0.180218,-0.331298,-0.003019,0.093611,-0.039554,0.217832,-0.042281,0.260383,0.007047,0.007869,-0.002555,-0.004551,False,False,False,True
3,1,-0.235585,-0.053481,0.044324,-0.091006,0.182092,0.021965,-0.110328,0.152423,0.240314,0.054217,0.028206,0.028007,0.317285,0.325454,False,False,True,False
5,12,0.235552,0.014101,0.062428,-0.058671,0.195666,-0.062659,-0.187634,0.064009,-0.039707,-0.346245,0.048975,0.049038,-0.298061,-0.293335,False,False,True,False
9,26,0.235190,0.229998,0.054212,-0.079906,0.206289,0.013228,-0.135135,0.163537,0.186419,-0.133078,0.071584,0.069669,-0.192954,-0.182087,False,False,True,True
5,25,0.235038,0.178406,0.055701,-0.068239,0.208412,-0.052153,-0.163531,0.073884,-0.089750,-0.109447,0.032330,0.030649,-0.161305,-0.164597,False,False,True,True
5,6,0.194426,-0.234873,-0.142825,-0.293965,0.006655,-0.039945,-0.145823,0.061855,-0.099180,-0.208601,0.050089,0.047697,-0.125329,-0.140888,False,False,True,True
4,15,0.234712,0.159914,-0.032976,-0.102327,0.034918,0.038870,-0.035029,0.112118,-0.023521,-0.247156,0.094242,0.103318,-0.450480,-0.424977,False,False,True,True
7,30,0.026471,0.234645,-0.088755,-0.276121,0.096425,-0.185656,-0.346935,-0.013501,0.082906,-0.024234,0.064222,0.061494,-0.040029,-0.047377,False,False,False,True
4,29,-0.234483,-0.185743,0.024431,-0.109889,0.169244,0.000676,-0.140894,0.127885,-0.008653,-0.070200,0.016987,0.017076,0.107483,0.107318,False,False,True,True
1,2,-0.234379,-0.138940,-0.033904,-0.164575,0.104728,0.118474,-0.040724,0.254985,0.024705,0.211515,0.032226,0.032566,0.367941,0.365128,False,False,True,True
7,9,0.234220,0.232270,0.019421,-0.070947,0.112656,0.016224,-0.084712,0.109141,-0.048486,0.137613,0.104295,0.112158,-0.369796,-0.358246,False,False,True,True
11,6,-0.234084,-0.217606,-0.069441,-0.147563,0.020249,-0.079787,-0.199033,0.036541,-0.158976,-0.013203,0.125528,0.118393,0.163048,0.156784,False,False,True,True
26,28,-0.233804,0.068773,-0.294827,-0.409128,-0.184717,-0.001309,-0.127500,0.113188,0.113140,-0.127850,0.034580,0.039172,0.027769,0.017053,False,False,True,False
4,2,0.233747,0.215624,-0.014249,-0.098236,0.075108,0.019681,-0.062889,0.099520,0.053445,-0.105258,0.048262,0.048616,-0.216972,-0.196958,False,False,True,True
8,20,0.233517,0.215119,-0.017167,-0.121084,0.083627,-0.046238,-0.172379,0.078988,-0.107040,-0.006153,0.037937,0.038918,-0.309150,-0.308114,False,False,True,True
15,27,0.175177,0.233418,-0.135004,-0.284562,0.011682,-0.173327,-0.302421,-0.039371,0.165767,-0.048725,0.108788,0.109710,-0.323158,-0.292816,False,False,True,True
5,17,-0.233113,0.118490,-0.091469,-0.221709,0.048856,-0.104274,-0.258615,0.043093,0.048828,-0.073230,0.060013,0.060523,0.069477,0.043488,False,False,True,True
17,14,-0.233106,-0.037348,-0.337469,-0.482236,-0.172199,-0.104526,-0.213114,0.006141,-0.173552,-0.139824,0.084549,0.077692,0.009545,0.004497,False,False,True,False
17,19,-0.232955,0.119513,-0.149537,-0.268142,-0.023469,0.011013,-0.081163,0.099632,-0.053018,0.214106,0.053893,0.054089,0.072887,0.083610,False,False,True,False
2,3,-0.232914,0.188499,-0.180919,-0.330150,-0.024485,-0.030070,-0.125453,0.058547,0.173556,-0.142901,0.020777,0.021201,0.017475,0.020199,False,False,True,True
21,7,0.173434,0.232859,-0.251731,-0.389094,-0.109695,0.081942,-0.018025,0.190927,-0.006643,0.190634,0.007260,0.007491,-0.012801,-0.013558,False,False,True,True
1,8,0.232521,0.129232,0.056025,-0.104774,0.201765,-0.308554,-0.450369,-0.141778,0.072858,-0.400069,0.028898,0.024772,-0.490999,-0.489469,False,False,True,True
21,20,-0.232410,-0.093959,0.018228,-0.168588,0.202584,-0.067767,-0.209513,0.074064,-0.108396,0.257854,0.036335,0.036948,0.091857,0.095584,False,False,True,False
4,21,-0.232307,0.108572,0.087185,-0.013653,0.186722,0.087057,-0.036274,0.203787,0.025141,0.067931,0.056327,0.055118,0.749687,0.743869,False,False,True,False
15,24,0.161598,0.232242,-0.118996,-0.280640,0.039669,-0.238012,-0.355425,-0.112011,0.179069,-0.073834,0.054574,0.061444,-0.149402,-0.162638,False,False,True,True
15,29,0.232062,0.100383,0.171474,-0.011268,0.358382,0.023937,-0.124634,0.173677,0.015979,-0.141263,0.166165,0.170489,-0.199053,-0.130305,False,False,True,False
10,7,-0.231513,-0.174750,0.054477,-0.096280,0.210434,-0.052238,-0.186054,0.086131,-0.125827,0.198999,0.055042,0.054106,0.211067,0.201334,False,False,True,True
5,18,-0.231442,-0.201590,-0.035807,-0.159130,0.097362,0.045182,-0.075791,0.165086,-0.059162,-0.009264,0.067899,0.061469,0.279078,0.253607,False,False,True,True
8,30,-0.049616,0.231084,-0.206972,-0.295113,-0.118167,-0.088768,-0.190830,0.010335,-0.112284,0.212884,0.090827,0.093117,-0.025810,-0.041321,False,False,False,True
28,30,0.230974,0.138756,-0.071525,-0.178527,0.052071,0.218358,0.089310,0.344435,-0.119765,0.082325,0.128147,0.127712,-0.144451,-0.147381,False,False,True,True
19,28,-0.230957,0.169612,0.072016,-0.088294,0.211942,-0.267332,-0.382141,-0.146717,0.139777,-0.055658,0.009408,0.010290,0.006228,0.008455,False,False,True,True
4,9,0.166962,0.230412,-0.299143,-0.394602,-0.202174,-0.070653,-0.167614,0.031277,0.017269,0.014734,0.031805,0.033628,-0.089863,-0.091655,False,False,True,True
13,7,0.230291,0.181470,-0.020893,-0.164215,0.118278,-0.073281,-0.256473,0.121743,-0.124395,-0.046168,0.090323,0.093274,-0.662051,-0.637993,False,False,True,True
31,18,0.181233,0.230205,0.061731,-0.091443,0.216535,-0.131121,-0.268320,0.006831,0.007807,0.167964,0.004537,0.004569,-0.007799,-0.006501,False,False,True,True
27,1,-0.063412,0.229920,-0.439722,-0.528731,-0.351179,0.128305,-0.004342,0.258877,-0.109311,0.196370,0.036645,0.033051,-0.009617,-0.015075,False,False,False,True
5,23,0.229474,0.101325,0.139174,-0.013004,0.306410,0.052309,-0.104940,0.215907,-0.021562,-0.044255,0.017461,0.017725,-0.015557,-0.017268,False,False,True,False
15,10,0.229450,0.211667,0.188297,0.015941,0.354533,-0.160880,-0.290913,-0.033212,0.162593,-0.163521,0.050659,0.059697,-0.218010,-0.207582,False,False,True,True
12,15,0.140151,0.229109,-0.207363,-0.325214,-0.082735,-0.320552,-0.424462,-0.208224,-0.016570,0.063789,0.097860,0.104980,-0.294974,-0.287592,True,False,True,True
4,19,-0.228962,-0.198738,-0.216938,-0.325267,-0.107993,0.068893,-0.040500,0.171176,0.066061,0.046297,0.038168,0.039432,0.046181,0.056512,False,False,True,True
7,17,0.222385,0.228755,-0.111080,-0.234158,0.038244,0.089411,-0.072186,0.234391,-0.045322,0.066927,0.074932,0.074701,-0.188590,-0.217704,False,False,True,True
6,24,-0.228664,-0.115581,0.068523,-0.028217,0.156117,-0.102916,-0.204341,0.002927,-0.048079,0.116977,0.034123,0.034197,0.079074,0.084156,False,False,True,True
6,23,0.228570,0.219041,-0.034284,-0.145139,0.080992,-0.072369,-0.206989,0.071340,-0.061507,-0.077009,0.033824,0.032204,-0.215031,-0.214648,False,False,True,True
14,23,0.228236,0.188426,0.315421,0.156623,0.426813,-0.359062,-0.471006,-0.228806,0.225637,-0.316903,0.122922,0.120271,-0.642462,-0.577176,False,False,True,True
5,10,-0.228054,-0.103836,-0.062717,-0.223899,0.073028,0.096726,-0.029724,0.210544,0.139031,0.095150,0.000745,0.000772,0.002990,0.003486,False,False,True,False
5,15,0.228023,0.120496,-0.028431,-0.141631,0.080385,-0.236796,-0.332597,-0.134888,-0.031923,-0.356909,0.047718,0.048755,-0.622160,-0.609267,False,False,True,True
3,0,-0.228021,-0.209014,-0.052134,-0.142758,0.033832,-0.088089,-0.183533,0.008471,-0.011843,-0.125657,0.064569,0.063809,0.079155,0.075681,False,False,True,True
3,31,0.227970,0.208431,-0.006750,-0.106102,0.082532,0.030552,-0.062751,0.120801,0.067727,-0.178830,0.032804,0.031004,-0.088814,-0.079915,False,False,True,True
6,12,0.225484,0.227659,-0.174700,-0.290785,-0.062542,0.043137,-0.090194,0.177110,-0.104450,0.112649,0.032425,0.033279,-0.187082,-0.182534,False,False,True,True
10,16,0.227339,0.205948,0.046139,-0.062044,0.146219,0.029193,-0.077425,0.133580,-0.069132,0.140696,0.038844,0.040143,-0.072363,-0.072633,False,False,True,True
25,30,0.078339,0.227194,-0.097713,-0.261210,0.072998,0.033312,-0.098593,0.152814,0.001704,0.180632,0.004501,0.004649,-0.002292,-0.002070,False,False,False,True
5,31,0.227046,0.199417,0.007800,-0.117096,0.123042,-0.220902,-0.324545,-0.105000,0.033800,-0.241819,0.053231,0.054781,-0.539892,-0.535165,False,False,True,True
23,8,0.002196,0.226953,-0.379855,-0.502601,-0.235744,-0.088245,-0.194548,0.008590,0.081101,0.028227,0.046920,0.045612,-0.050516,-0.036631,False,False,False,True
8,21,0.226680,0.199782,-0.041232,-0.140071,0.050236,0.020493,-0.104749,0.146521,-0.160584,0.039196,0.025857,0.024685,-0.086436,-0.083698,False,False,True,True
7,22,-0.226534,-0.168324,0.138861,0.044413,0.231152,-0.077468,-0.187115,0.028710,-0.040348,0.143177,0.049412,0.053767,0.193996,0.206158,False,False,True,True
7,23,0.226347,0.173244,-0.184845,-0.288910,-0.079217,0.149828,0.043548,0.254788,-0.264772,0.117180,0.038885,0.040690,-0.124319,-0.127123,False,False,True,True
2,13,0.226169,0.176950,-0.190718,-0.300208,-0.077293,0.032866,-0.058660,0.119902,-0.125305,-0.203752,0.013413,0.012242,-0.089535,-0.091427,False,False,True,True
10,4,0.131302,0.226108,-0.184388,-0.325060,-0.034764,-0.006262,-0.171610,0.163273,-0.005947,0.058904,0.058843,0.056809,-0.074551,-0.070889,False,False,True,True
27,16,0.197718,0.225735,-0.063440,-0.178267,0.042722,-0.040162,-0.158782,0.075647,0.258011,-0.177781,0.125575,0.131435,-0.309610,-0.260087,False,False,True,True
10,24,0.098050,0.225691,-0.356272,-0.463171,-0.252432,-0.113490,-0.230150,0.000079,-0.063729,0.129816,0.077544,0.081119,-0.135938,-0.140582,False,False,True,True
25,27,0.052820,0.225521,-0.101434,-0.229955,0.024717,-0.044178,-0.165335,0.083421,-0.020560,0.157065,0.010651,0.011563,-0.005841,-0.006072,False,False,False,True
7,18,0.203540,0.225458,-0.123954,-0.266323,0.031915,0.049091,-0.108444,0.186718,-0.110276,0.116900,0.057423,0.067612,-0.116775,-0.139100,False,False,True,True
5,0,0.225118,0.039288,-0.262478,-0.390670,-0.118772,-0.036482,-0.222471,0.136431,-0.126662,-0.336804,0.048084,0.043560,-0.504848,-0.501518,False,False,True,False
0,2,0.075760,0.225025,-0.140168,-0.253874,-0.028980,0.031722,-0.058669,0.121087,0.049037,0.083927,0.004047,0.004090,-0.002520,-0.002083,False,False,False,True
9,27,-0.224611,-0.148702,0.120650,-0.006809,0.245556,-0.126062,-0.232101,-0.024444,0.016744,-0.060899,0.109533,0.123055,0.286338,0.235249,False,False,True,True
16,28,0.190757,0.224608,-0.194346,-0.305852,-0.085700,0.017549,-0.151082,0.177478,0.026136,0.035609,0.100469,0.091206,-0.250485,-0.232813,False,False,True,True
10,31,-0.224412,-0.123785,-0.072860,-0.224357,0.107711,0.084488,-0.048866,0.214281,-0.014309,0.223806,0.093228,0.097656,0.285195,0.308421,False,False,True,True
19,17,-0.224373,0.198076,0.234600,0.068651,0.384662,-0.286129,-0.400140,-0.159155,0.159073,-0.027690,0.020656,0.020421,0.035417,0.034929,False,False,True,True
2,9,0.187241,0.224040,-0.333983,-0.431736,-0.261202,0.085865,-0.075872,0.186945,-0.161004,0.310962,0.013047,0.014874,-0.035374,-0.036193,False,False,True,True
5,28,0.223821,0.180521,-0.125227,-0.253606,0.013875,-0.166958,-0.291871,-0.045185,-0.105800,-0.241646,0.032686,0.030844,-0.321302,-0.308975,False,False,True,True
14,6,0.172268,0.223804,-0.195178,-0.336403,-0.042641,-0.172507,-0.272663,-0.058870,0.092514,-0.016598,0.122018,0.109433,-0.349388,-0.360336,True,False,True,True
12,16,0.223598,0.194331,-0.230007,-0.368120,-0.080657,0.191243,0.034257,0.340455,-0.176408,0.146217,0.058570,0.063131,-0.164237,-0.162629,False,False,True,True
13,12,0.160809,0.223412,-0.117705,-0.238769,0.005474,-0.200001,-0.269518,-0.132108,0.051106,0.053057,0.155741,0.162470,-0.392137,-0.374449,False,False,True,True
3,3,0.209936,0.223310,-0.071026,-0.205722,0.049708,0.031398,-0.088533,0.145992,-0.104564,0.208012,0.014762,0.014701,-0.034742,-0.028856,False,False,True,True
4,22,0.223169,0.150802,0.008090,-0.099634,0.120053,-0.169592,-0.254758,-0.071255,0.042910,-0.376892,0.016174,0.016201,-0.099933,-0.101707,False,False,True,True
1,23,0.223078,-0.059042,0.194403,0.065198,0.312987,-0.247389,-0.348564,-0.132208,0.044258,-0.333906,0.016609,0.016797,-0.065345,-0.067656,False,False,True,False
26,8,0.029895,0.222930,0.278900,0.180134,0.384750,0.255558,0.152042,0.350036,0.147332,0.158444,0.014142,0.015346,0.016914,0.009981,True,True,False,True
15,4,0.222909,0.165216,-0.074966,-0.194649,0.054440,-0.039724,-0.164609,0.083865,-0.126484,0.101929,0.126442,0.124856,-0.608445,-0.591044,False,False,True,True
6,29,0.222368,0.141157,-0.041886,-0.172085,0.090044,-0.149321,-0.256336,-0.043818,0.081167,-0.377815,0.087997,0.092255,-0.604955,-0.601208,False,False,True,True
28,0,0.147719,0.222343,-0.195442,-0.302416,-0.091334,-0.153909,-0.285939,-0.013568,0.184148,-0.061281,0.123180,0.136471,-0.283010,-0.284647,True,False,True,True
14,2,0.222336,0.194785,-0.009461,-0.181445,0.168285,-0.071415,-0.180388,0.041853,0.029961,-0.003112,0.152879,0.142542,-0.592856,-0.579124,False,False,True,True
12,28,0.211422,0.222004,-0.113530,-0.208146,-0.012490,-0.155733,-0.275545,-0.037612,0.042519,-0.004938,0.082734,0.085021,-0.453140,-0.458129,True,False,True,True
6,0,0.221945,0.140687,0.082891,-0.054273,0.223896,-0.261416,-0.385761,-0.125811,-0.067332,-0.332357,0.071783,0.073710,-0.471788,-0.481463,False,False,True,True
30,22,0.221786,0.202695,-0.074958,-0.186257,0.057595,0.164168,0.064675,0.260969,-0.135282,0.199902,0.033442,0.030127,-0.050223,-0.043560,False,False,True,True
9,6,-0.221728,-0.045025,0.087193,-0.062852,0.247695,0.010401,-0.139684,0.149986,-0.040203,0.073264,0.027226,0.027511,0.111961,0.112948,False,False,True,False
7,8,0.215985,0.221448,-0.208212,-0.311412,-0.102991,0.032193,-0.113541,0.166588,-0.082456,0.058829,0.053666,0.057323,-0.225907,-0.255202,False,False,True,True
10,20,0.205605,0.221331,0.105665,-0.045605,0.257900,-0.091232,-0.269818,0.059030,0.184230,-0.084006,0.148958,0.170553,-0.227290,-0.330798,False,False,True,True
9,30,0.160313,0.221220,-0.077779,-0.166400,0.002838,-0.253296,-0.370258,-0.134301,0.041101,-0.074764,0.060913,0.058213,-0.153329,-0.139139,False,False,True,True
2,4,0.221179,0.171978,-0.192499,-0.297865,-0.082554,-0.033488,-0.110212,0.043948,0.069896,-0.360702,0.024993,0.025673,-0.174470,-0.165898,False,False,True,True
5,29,0.221149,0.191958,0.074613,-0.058819,0.214607,-0.184848,-0.309168,-0.048450,0.085042,-0.242477,0.047813,0.045979,-0.214797,-0.205582,False,False,True,True
10,19,-0.220895,-0.093466,-0.055558,-0.213855,0.092082,-0.047456,-0.163384,0.061432,-0.070337,-0.030266,0.107700,0.100466,0.144848,0.130719,False,False,True,False
5,30,0.220221,0.146579,-0.058191,-0.157744,0.043531,-0.113302,-0.215448,-0.001260,-0.101349,-0.224544,0.034849,0.033280,-0.189945,-0.181397,False,False,True,True
1,31,0.220198,0.186030,0.012076,-0.123961,0.135773,-0.248196,-0.325675,-0.162196,0.142689,-0.330141,0.022948,0.021968,-0.155415,-0.158448,False,False,True,True
15,6,0.200917,0.219360,-0.149813,-0.269401,-0.031568,-0.057095,-0.187244,0.068632,-0.131351,0.203062,0.025352,0.027765,-0.085522,-0.089478,False,False,True,True
5,27,0.195172,0.219338,-0.128370,-0.216679,-0.044806,-0.117721,-0.187050,-0.045933,-0.049473,-0.025985,0.072952,0.073168,-0.242107,-0.247214,True,False,True,True
5,4,0.219297,0.044280,-0.043461,-0.200718,0.114105,-0.126484,-0.299036,0.030972,-0.104683,-0.317083,0.041807,0.041341,-0.223147,-0.213214,False,False,True,False
2,24,0.219011,0.186139,-0.123619,-0.252217,0.019064,-0.037429,-0.242475,0.169924,-0.131302,-0.125057,0.027771,0.027005,-0.140242,-0.127332,False,False,True,True
26,21,0.204979,0.218645,-0.085716,-0.209148,0.049936,0.069074,-0.034571,0.174057,-0.017976,0.136967,0.123492,0.104508,-0.217435,-0.202810,False,False,True,True
2,11,0.218616,0.206716,-0.126006,-0.215877,-0.041624,-0.087435,-0.197580,0.015727,0.027648,-0.207279,0.009832,0.010054,-0.058438,-0.058150,False,False,True,True
4,16,0.056798,-0.218514,-0.262392,-0.361188,-0.171860,0.030585,-0.109784,0.157325,-0.067510,0.059505,0.054642,0.054385,-0.043925,-0.036635,False,False,False,True
2,12,0.218137,0.022075,-0.114147,-0.297767,0.073759,-0.033005,-0.232425,0.169391,0.007865,-0.360493,0.021484,0.021849,-0.095995,-0.095976,False,False,True,False
14,18,0.217739,-0.004238,0.246608,0.112557,0.388393,-0.194398,-0.330030,-0.048543,0.004343,-0.359933,0.074628,0.077819,-0.157115,-0.139055,False,False,True,False
7,14,0.217602,0.209386,-0.043307,-0.148238,0.073475,-0.146671,-0.249519,-0.040510,-0.020110,-0.139533,0.083830,0.081656,-0.430602,-0.442096,False,False,True,True
15,5,0.217183,0.158149,0.071620,-0.031631,0.172679,-0.066792,-0.183460,0.051905,-0.000385,-0.138295,0.140197,0.134424,-0.307317,-0.282850,False,False,True,True
12,17,0.214322,0.217118,-0.073877,-0.187601,0.054737,0.110055,-0.048049,0.272176,-0.096322,0.179602,0.026641,0.026336,-0.043669,-0.041483,False,False,True,True
31,16,-0.216688,-0.067736,-0.045015,-0.196936,0.064840,-0.035659,-0.202566,0.080032,0.039769,-0.121669,0.018861,0.016463,0.026152,0.022766,False,False,True,False
20,18,-0.216230,-0.192222,-0.006905,-0.187463,0.146522,-0.066212,-0.191116,0.073262,-0.070741,-0.161712,0.013940,0.014859,0.019894,0.020136,False,False,True,True
6,1,0.215970,0.150395,-0.071120,-0.191084,0.054961,-0.201965,-0.330132,-0.066504,-0.072565,-0.297755,0.028860,0.029540,-0.193702,-0.188954,False,False,True,True
4,20,-0.213073,-0.215629,0.106173,-0.020251,0.222878,-0.124276,-0.211809,-0.034514,0.052587,-0.308973,0.040730,0.041496,0.068378,0.069231,False,False,True,True
29,14,-0.208178,0.215223,0.155019,-0.060452,0.293143,-0.316479,-0.397620,-0.235119,0.077128,0.115881,0.016661,0.019158,0.008289,0.011763,False,False,True,True
7,3,-0.214920,-0.135787,0.061113,-0.110220,0.218842,0.014280,-0.099031,0.125625,-0.067627,0.075296,0.034710,0.031746,0.099717,0.096639,False,False,True,True
12,12,0.210848,0.214457,-0.129730,-0.244612,-0.025959,-0.010726,-0.162384,0.156157,-0.066300,0.074357,0.010769,0.010961,-0.035633,-0.037511,False,False,True,True
14,25,-0.214193,0.085640,-0.088282,-0.250579,0.076126,-0.126670,-0.270079,0.026309,-0.022172,-0.184468,0.075094,0.075088,0.043066,0.048367,False,False,True,False
1,26,0.036861,0.213975,-0.068511,-0.195839,0.065135,0.198245,0.058439,0.330720,-0.013171,0.059393,0.001531,0.001522,0.000080,0.000320,False,False,False,True
3,18,-0.060404,0.213845,-0.089261,-0.218781,0.041155,0.091817,0.011969,0.169509,0.072154,0.084119,0.000638,0.000650,0.000183,0.000188,False,False,False,True
26,18,-0.213704,-0.071300,-0.192216,-0.328015,-0.026199,0.021109,-0.077421,0.121042,-0.257509,0.161032,0.048142,0.047743,0.030295,0.049793,False,False,True,False
8,6,0.213488,0.196464,-0.203042,-0.307931,-0.088331,0.004972,-0.150440,0.151347,-0.033648,-0.210390,0.076702,0.073860,-0.345473,-0.335457,False,False,True,True
21,10,0.213461,0.208493,-0.028811,-0.159788,0.089974,0.109345,-0.026270,0.226056,-0.059246,0.223726,0.010958,0.011907,-0.013547,-0.014329,False,False,True,True
17,4,0.213216,0.113412,-0.106877,-0.252174,0.053962,0.094747,-0.047723,0.218904,-0.229039,0.045217,0.141884,0.127288,-0.288672,-0.278162,False,False,True,True
23,16,0.129642,0.213143,-0.150558,-0.284626,-0.039654,0.170820,0.063799,0.262207,-0.043280,0.291398,0.008677,0.007167,-0.005362,-0.004699,False,False,True,True
13,10,0.212959,0.174713,0.080488,-0.032697,0.194187,-0.118142,-0.237557,-0.005447,0.037558,-0.162100,0.137204,0.135467,-0.327756,-0.336815,False,False,True,True
26,7,-0.212781,-0.078981,0.020754,-0.110019,0.149368,0.044864,-0.073554,0.172322,0.048311,0.046418,0.051928,0.052379,0.147968,0.131250,False,False,True,False
12,26,0.212670,0.210318,0.053674,-0.059760,0.167505,-0.086208,-0.244373,0.075648,0.061048,-0.051855,0.080380,0.093192,-0.207217,-0.221296,False,False,True,True
10,1,0.191310,0.212576,0.023794,-0.149672,0.198312,-0.068984,-0.218547,0.060148,0.141274,-0.129845,0.150785,0.123173,-0.257716,-0.173662,False,False,True,True
12,2,0.212380,0.202613,-0.220642,-0.330861,-0.106249,-0.045117,-0.225350,0.127581,-0.016156,-0.111326,0.050529,0.053345,-0.280293,-0.271030,False,False,True,True
26,22,0.191346,0.211523,-0.224756,-0.335135,-0.101487,0.135288,0.018587,0.251599,-0.070317,0.050032,0.045904,0.044588,-0.082075,-0.082289,False,False,True,True
21,6,0.186790,0.211469,-0.181240,-0.309486,-0.053326,0.099391,0.010964,0.186824,-0.011626,0.157667,0.020814,0.021686,-0.033816,-0.034337,False,False,True,True
8,3,-0.203352,-0.211404,0.147470,0.013557,0.268296,-0.106899,-0.218871,0.019274,-0.014397,-0.046068,0.068676,0.066792,0.131282,0.120910,False,False,True,True
1,18,0.091944,0.211325,-0.077812,-0.226940,0.068714,-0.002544,-0.123997,0.105271,0.016537,0.110080,0.000410,0.000420,-0.000270,-0.000230,False,False,False,True
19,24,-0.167024,0.211299,0.070714,-0.039651,0.189621,-0.197218,-0.366908,-0.053843,0.157584,0.008756,0.009928,0.006548,0.003982,0.007453,False,False,True,True
14,15,0.177705,0.210994,-0.224776,-0.374871,-0.069939,-0.043161,-0.160512,0.070467,-0.090433,0.121246,0.103231,0.094764,-0.254374,-0.266888,False,False,True,True
3,25,-0.210214,0.149408,0.158130,0.004126,0.305674,0.092595,-0.070561,0.235590,0.292645,-0.016898,0.009901,0.009482,0.045715,0.049043,False,False,True,True
17,11,0.193783,0.210208,-0.030921,-0.182283,0.126685,0.098210,-0.033831,0.222236,0.019837,0.126653,0.015731,0.014809,-0.016487,-0.014432,False,False,True,True
8,9,-0.210041,-0.160808,0.085196,-0.037369,0.200558,0.043764,-0.081215,0.172528,0.030134,0.156723,0.064562,0.069796,0.214118,0.214291,False,False,True,True
12,5,0.167442,0.209813,-0.135987,-0.288311,0.002738,-0.199939,-0.364903,-0.047489,0.046880,-0.082615,0.108737,0.109246,-0.285609,-0.304408,False,False,True,True
31,5,-0.012921,0.209377,-0.002688,-0.146381,0.126347,-0.006832,-0.108656,0.095865,-0.017475,0.029353,0.005513,0.006602,-0.000437,0.000846,False,False,False,True
6,28,-0.209127,-0.171303,-0.088804,-0.207058,0.020816,0.120763,-0.022271,0.266328,-0.167325,0.204339,0.017314,0.016446,0.036905,0.035055,False,False,True,True
15,20,0.150422,0.209034,-0.250185,-0.417242,-0.052091,-0.209739,-0.299517,-0.120463,0.224856,-0.188109,0.125865,0.134108,-0.352725,-0.373041,True,False,True,True
21,0,0.205179,0.208976,-0.107486,-0.285576,0.080203,0.001389,-0.129067,0.121470,0.262719,-0.247112,0.082181,0.092742,-0.220596,-0.218241,False,False,True,True
7,29,0.208049,0.208925,-0.179284,-0.287105,-0.080588,-0.228585,-0.325245,-0.131847,0.229194,-0.327024,0.068008,0.067132,-0.465420,-0.460434,True,False,True,True
24,9,-0.208924,0.134874,-0.219694,-0.330841,-0.106368,-0.003112,-0.119735,0.097949,-0.138589,0.078156,0.005967,0.005949,0.002961,0.003898,False,False,True,True
28,31,0.208737,0.163701,-0.095048,-0.225050,0.058049,0.100055,-0.029622,0.218507,-0.061830,-0.028678,0.085024,0.070398,-0.150479,-0.133981,False,False,True,True
14,31,0.208733,0.095804,-0.079004,-0.243018,0.079533,-0.001012,-0.105348,0.100079,-0.008834,-0.172051,0.147322,0.141117,-0.383529,-0.348655,False,False,True,False
5,2,0.208587,0.153541,-0.096748,-0.209398,0.022948,-0.161287,-0.267639,-0.050644,-0.001980,-0.256988,0.028229,0.024430,-0.129752,-0.120477,False,False,True,True
6,26,-0.208147,-0.144461,0.197982,0.106826,0.283875,0.019713,-0.091276,0.129290,-0.033166,0.225994,0.027088,0.026727,0.111459,0.108591,False,False,True,True
27,10,0.208082,0.172680,-0.121451,-0.233899,-0.003729,0.150248,0.042313,0.256879,-0.055017,0.227217,0.069812,0.061255,-0.111305,-0.095534,False,False,True,True
15,11,0.207999,0.116254,0.042258,-0.135778,0.222490,-0.118109,-0.275588,0.043282,-0.031481,-0.245071,0.153629,0.159613,-0.424959,-0.384416,False,False,True,False
23,30,0.207881,0.192193,-0.165076,-0.280042,-0.036581,0.236602,0.132729,0.338892,-0.101978,0.230971,0.011430,0.009677,-0.015995,-0.012291,False,False,True,True
28,10,0.207462,0.178565,-0.079199,-0.176996,0.020709,0.049151,-0.054189,0.156052,-0.040782,0.079316,0.124099,0.119844,-0.240718,-0.238894,False,False,True,True
26,11,0.155196,0.207425,0.366533,0.286021,0.445651,0.278667,0.153647,0.408026,0.145108,0.027831,0.006768,0.007504,0.003007,0.004869,True,False,True,True
29,31,0.194318,0.207142,-0.170912,-0.293581,-0.058379,-0.022467,-0.158774,0.124705,0.065760,-0.006474,0.111990,0.107177,-0.303626,-0.309203,False,False,True,True
5,11,-0.196362,-0.207112,0.083444,-0.016856,0.184503,-0.006262,-0.129806,0.108695,0.076349,-0.211911,0.029282,0.030650,0.053573,0.061682,False,False,True,True
2,29,0.207078,0.147156,-0.215288,-0.310809,-0.118163,0.002838,-0.193416,0.177957,-0.165793,-0.020172,0.015327,0.015851,-0.061643,-0.057601,False,False,True,True
18,10,0.072784,0.206868,-0.480116,-0.615679,-0.337674,-0.011486,-0.132235,0.102677,-0.237936,0.245337,0.079899,0.070443,-0.116517,-0.120718,False,False,False,True
13,14,0.140019,0.206845,0.049273,-0.081237,0.178695,-0.177638,-0.260062,-0.094674,0.193746,-0.160055,0.168161,0.165497,-0.221411,-0.174065,False,False,True,True
21,22,-0.206355,-0.134421,-0.069181,-0.236843,0.096662,0.170298,0.047617,0.278635,0.023053,0.088326,0.054240,0.053481,0.148236,0.146716,False,False,True,True
14,7,0.196989,0.206037,0.022543,-0.107192,0.138477,-0.219185,-0.367574,-0.064662,0.102763,-0.172111,0.096258,0.104110,-0.324753,-0.318034,False,False,True,True
23,2,-0.073731,0.205837,-0.228432,-0.320450,-0.127692,0.286589,0.164914,0.397458,-0.055446,0.223550,0.015046,0.016822,0.009851,0.008683,False,False,False,True
3,7,0.177463,0.205658,-0.095537,-0.231432,0.035023,0.049535,-0.060384,0.164070,-0.071789,0.198397,0.001684,0.001764,-0.002069,-0.002325,False,False,True,True
12,6,0.172334,0.205399,-0.218867,-0.314310,-0.139864,-0.082407,-0.188012,0.028726,-0.082023,0.040070,0.077040,0.067668,-0.203572,-0.181965,False,False,True,True
12,4,0.160269,0.205376,0.015478,-0.093533,0.120349,-0.370811,-0.488492,-0.244084,0.188175,-0.290955,0.098251,0.102064,-0.271084,-0.270176,False,False,True,True
6,30,0.205288,0.158336,-0.225258,-0.382398,-0.055520,0.018794,-0.149444,0.174839,-0.295047,-0.113377,0.054821,0.054491,-0.200070,-0.195281,False,False,True,True
20,16,-0.205017,0.002198,-0.184406,-0.307862,-0.055613,0.031161,-0.115378,0.171889,-0.142222,0.054161,0.033294,0.034440,0.027147,0.029138,False,False,True,False
30,24,0.204935,0.132557,-0.023357,-0.115836,0.070971,0.030310,-0.105413,0.168010,0.049438,-0.178560,0.161977,0.168424,-0.277747,-0.244846,False,False,True,True
2,25,-0.204667,-0.062148,0.196982,0.067317,0.319859,-0.026183,-0.195629,0.164746,0.155547,0.037996,0.037937,0.038358,0.120867,0.119466,False,False,True,False
8,27,-0.204405,0.155036,-0.203602,-0.291755,-0.124531,-0.106817,-0.213489,-0.002340,-0.054051,0.079311,0.043116,0.045328,0.017562,0.006232,True,False,True,True
2,8,0.203896,0.198344,-0.088528,-0.172259,-0.005547,0.005339,-0.092134,0.111715,-0.219366,0.153487,0.002721,0.002908,-0.006577,-0.006147,False,False,True,True
29,0,-0.203738,0.115599,-0.112653,-0.291231,0.025961,-0.344185,-0.444496,-0.246127,-0.135377,0.014067,0.007899,0.009525,-0.001693,-0.000621,False,False,True,False
12,24,0.192292,0.203719,-0.191085,-0.335431,-0.039048,-0.105188,-0.275845,0.051105,0.011100,-0.063887,0.088373,0.103482,-0.332306,-0.345253,False,False,True,True
13,1,0.203396,0.064843,0.076876,-0.035795,0.193819,-0.086812,-0.252415,0.069185,-0.030509,-0.263157,0.126868,0.132563,-0.242064,-0.218282,False,False,True,False
4,12,-0.096651,0.203099,-0.215139,-0.315089,-0.105967,0.101717,0.004823,0.190358,-0.102260,0.263891,0.000591,0.000616,0.000203,0.000071,False,False,False,True
20,20,-0.142622,-0.202988,0.149299,0.048884,0.243116,-0.465967,-0.533195,-0.397207,0.285266,-0.556203,0.033633,0.046915,0.007585,-0.030371,False,False,True,True
30,10,0.172915,0.202762,-0.219103,-0.335309,-0.090740,0.031910,-0.070588,0.133510,-0.063089,0.075047,0.051941,0.053398,-0.098743,-0.101656,False,False,True,True
29,25,0.202301,0.093215,-0.042369,-0.135778,0.037935,0.087349,-0.052266,0.222602,0.038758,-0.105905,0.010761,0.010598,-0.013512,-0.013328,False,False,True,False
5,1,-0.201880,-0.186989,-0.189079,-0.275888,-0.100419,-0.050041,-0.152347,0.049441,-0.098070,-0.048914,0.140765,0.141000,0.066549,0.061912,False,False,True,True
25,20,-0.201814,0.098765,-0.022990,-0.168752,0.116402,-0.057608,-0.154493,0.035369,-0.153768,0.101262,0.000349,0.000386,0.000404,0.000374,False,False,True,False
23,13,0.171305,0.201739,0.460301,0.319760,0.583008,-0.480161,-0.591822,-0.375748,0.515448,-0.507205,0.068954,0.053136,-0.080760,-0.017541,False,False,True,True
12,31,0.201092,0.193912,-0.110659,-0.230179,0.015575,-0.270553,-0.398966,-0.117116,0.121867,-0.262116,0.076963,0.085981,-0.447772,-0.454372,False,False,True,True
26,19,0.200875,0.124630,-0.076190,-0.165767,0.013666,0.095361,-0.026313,0.215122,-0.062009,-0.020226,0.116947,0.122180,-0.157877,-0.163510,False,False,True,True
8,15,0.180604,0.200807,-0.029353,-0.171948,0.117875,-0.148004,-0.333167,0.051377,0.018516,-0.094380,0.086256,0.084512,-0.196024,-0.175426,False,False,True,True
1,28,0.200749,0.199215,-0.036261,-0.120084,0.046169,-0.125740,-0.187383,-0.062664,0.098151,-0.236487,0.065180,0.064164,-0.188402,-0.192406,False,False,True,True
12,3,0.191315,0.200570,-0.307128,-0.436344,-0.177562,-0.066831,-0.197479,0.071545,-0.184974,0.030567,0.051976,0.060496,-0.226270,-0.222979,False,False,True,True
1,7,0.192074,0.199953,-0.314228,-0.450973,-0.161485,-0.045542,-0.309450,0.181793,-0.116159,0.070425,0.024485,0.025058,-0.100273,-0.099730,False,False,True,True
23,15,0.177616,0.199878,-0.104665,-0.233974,0.048258,0.018414,-0.102020,0.126192,0.000664,0.040701,0.015940,0.017596,-0.024782,-0.024666,False,False,True,True
14,13,0.199837,0.189295,0.113578,-0.045804,0.272879,-0.092857,-0.221988,0.040852,0.086831,-0.054525,0.244736,0.231403,-0.346993,-0.323920,False,False,True,True
26,24,-0.074651,0.199783,-0.197077,-0.314422,-0.073202,-0.005219,-0.089390,0.072851,0.014836,0.003492,0.013967,0.012180,-0.003783,0.001091,False,False,False,True
14,5,0.199745,0.163173,0.078493,-0.064004,0.236258,-0.175533,-0.281352,-0.071022,0.204124,-0.279367,0.159868,0.160484,-0.386453,-0.371494,False,False,True,True
6,20,-0.199293,-0.054031,-0.041751,-0.146091,0.071584,-0.047386,-0.179036,0.081117,-0.050880,-0.062844,0.063223,0.065841,0.064404,0.063569,False,False,True,False
22,17,0.163065,0.199255,-0.231117,-0.370713,-0.102042,0.087700,0.002665,0.165558,-0.089008,0.166542,0.047016,0.047652,-0.069276,-0.069511,False,False,True,True
2,23,-0.198583,-0.025065,0.124651,-0.019054,0.257852,0.243035,0.122415,0.351403,0.132800,0.073413,0.008012,0.007937,0.039186,0.039470,False,False,True,False
26,10,0.112522,0.198205,0.042432,-0.062376,0.142709,0.088823,0.006844,0.177039,-0.033720,0.125507,0.026463,0.034903,-0.003472,-0.008729,False,False,True,True
4,3,0.198032,0.164993,-0.290885,-0.385419,-0.196852,-0.214736,-0.302375,-0.129865,-0.024000,-0.330409,0.058421,0.057218,-0.364081,-0.363585,True,False,True,True
10,25,0.073202,0.197618,0.078179,-0.034163,0.192034,-0.218935,-0.307309,-0.126184,0.118007,-0.104937,0.132548,0.135195,-0.080242,-0.104823,False,False,False,True
25,2,-0.197541,-0.106213,0.047710,-0.087305,0.182734,0.047022,-0.095697,0.205049,0.234667,-0.060715,0.055754,0.070397,0.122411,0.150284,False,False,True,True
14,3,0.196731,0.190694,0.155568,-0.001877,0.314234,-0.254280,-0.376131,-0.137189,0.220103,-0.245324,0.179757,0.165459,-0.393966,-0.353381,False,False,True,True
3,13,0.196572,0.157397,0.138444,0.048854,0.224320,0.080722,0.006961,0.153916,0.141878,0.015095,0.009737,0.008693,-0.003932,-0.004581,False,False,True,True
9,29,0.017699,0.196506,0.213719,0.071263,0.346040,-0.112985,-0.258847,0.051959,0.239025,-0.072725,0.179636,0.168287,0.009998,0.031850,False,False,False,True
31,15,0.171555,0.196107,-0.297725,-0.419819,-0.139929,0.117326,-0.001352,0.214503,-0.149469,0.193641,0.020609,0.020447,-0.037691,-0.036919,False,False,True,True
3,27,-0.195972,-0.163259,-0.124152,-0.221195,-0.031141,0.015991,-0.114598,0.139578,-0.037109,-0.268507,0.009531,0.009554,0.008796,0.008222,False,False,True,True
28,5,0.145213,0.195743,-0.034584,-0.186247,0.159273,-0.045836,-0.197876,0.078254,0.008669,0.116463,0.008450,0.007180,-0.008682,-0.007536,False,False,True,True
13,30,0.195496,0.098917,-0.150528,-0.255248,-0.037452,0.038757,-0.100681,0.168259,-0.317195,-0.076576,0.122855,0.129999,-0.262718,-0.267246,False,False,True,False
27,29,0.139060,0.195281,-0.149381,-0.270256,-0.041090,-0.022340,-0.133848,0.091877,-0.141865,0.210994,0.004528,0.004349,-0.005770,-0.005677,False,False,True,True
22,18,0.090802,0.194713,-0.190349,-0.359873,-0.012863,-0.134716,-0.241569,-0.023601,-0.029770,0.025923,0.045820,0.040482,-0.062369,-0.047565,True,False,False,True
25,24,0.157805,0.194457,-0.304646,-0.421856,-0.166903,0.231012,0.114823,0.346409,-0.204715,0.275230,0.020250,0.021547,-0.018350,-0.023331,False,False,True,True
18,19,-0.193996,-0.105633,0.229940,0.115317,0.337659,-0.265051,-0.373337,-0.151927,0.242226,-0.345022,0.020425,0.021802,0.023021,0.018865,False,False,True,False
10,15,0.184001,0.193951,-0.247165,-0.393539,-0.104067,-0.119229,-0.243452,0.005734,-0.066796,0.031172,0.071625,0.068470,-0.261894,-0.247440,False,False,True,True
27,8,0.163879,0.193906,-0.268381,-0.370962,-0.154981,-0.011825,-0.124627,0.101397,-0.087758,0.138219,0.118353,0.116898,-0.258953,-0.259990,False,False,True,True
29,22,-0.193607,0.039211,0.073146,-0.033786,0.196187,-0.211441,-0.330044,-0.094188,0.299658,-0.308923,0.124440,0.115237,0.152782,0.016734,False,False,True,False
22,26,-0.193542,0.110452,0.230049,0.068932,0.388003,-0.199982,-0.339788,-0.049298,0.090517,-0.037655,0.028257,0.031437,0.034861,0.043037,False,False,True,False
15,21,0.193313,0.102778,0.278737,0.134132,0.406772,-0.306841,-0.434840,-0.175911,0.205448,-0.375490,0.125340,0.130790,-0.238797,-0.223135,False,False,True,False
17,12,0.055120,0.193213,-0.301370,-0.438484,-0.165508,-0.325005,-0.445484,-0.196275,0.003372,-0.033957,0.048807,0.053960,-0.078357,-0.100418,True,False,False,True
16,4,0.190614,0.193160,-0.010611,-0.172581,0.155751,-0.143976,-0.273668,-0.007201,0.170343,-0.219846,0.140797,0.131492,-0.333820,-0.307077,False,False,True,True
28,28,-0.193012,-0.032895,-0.176638,-0.269585,-0.076125,0.165511,0.054109,0.271128,0.001120,-0.114666,0.032256,0.031031,0.041294,0.044422,False,False,True,False
12,11,0.192977,0.184541,-0.049342,-0.151765,0.061445,-0.250353,-0.356540,-0.134565,-0.042558,-0.129227,0.097356,0.086904,-0.321798,-0.354444,False,False,True,True
8,25,0.110527,0.192912,-0.365200,-0.467279,-0.257703,-0.146095,-0.247907,-0.048700,-0.151905,0.077116,0.106136,0.107368,-0.218665,-0.225314,True,False,True,True
7,16,-0.064881,0.192790,-0.064986,-0.195416,0.070421,0.066899,-0.067332,0.191147,-0.037816,0.097530,0.084649,0.089825,0.047666,0.006082,False,False,False,True
10,13,-0.181584,-0.192732,0.120920,0.000448,0.245263,-0.072205,-0.187905,0.040926,-0.042369,-0.128375,0.103239,0.105618,0.150101,0.132563,False,False,True,True
12,7,0.153919,0.192632,-0.315965,-0.406077,-0.223020,-0.053995,-0.210112,0.093059,-0.078020,-0.074618,0.081674,0.077608,-0.183060,-0.203425,False,False,True,True
9,21,0.021539,0.192239,-0.003377,-0.133852,0.123863,-0.171762,-0.317738,-0.028642,0.008055,-0.076583,0.076111,0.079711,-0.038439,-0.036184,False,False,False,True
27,22,-0.192186,-0.109894,0.492156,0.396502,0.563444,-0.681883,-0.764643,-0.578002,0.661596,-0.855769,0.064877,0.083216,-0.006821,0.009478,False,False,True,False
10,30,0.191587,0.185655,-0.097056,-0.252269,0.059503,-0.135199,-0.268683,0.000274,0.005460,-0.096961,0.104010,0.106887,-0.329953,-0.309735,False,False,True,True
20,6,-0.191119,-0.153412,-0.085225,-0.238532,0.061396,-0.141847,-0.243160,-0.023301,-0.158791,0.008188,0.029436,0.027939,0.007588,0.015245,False,False,True,True
23,24,-0.190505,-0.014937,-0.189201,-0.310021,-0.074421,-0.052914,-0.146834,0.037772,-0.058618,-0.164874,0.040182,0.048408,0.038570,-0.002336,False,False,True,False
17,8,-0.190038,-0.132676,-0.081042,-0.189632,0.032029,0.042648,-0.087717,0.186953,-0.082079,-0.000812,0.081907,0.085426,0.081464,0.110789,False,False,True,True
16,17,0.175060,0.189859,0.042203,-0.103257,0.194608,-0.312717,-0.417230,-0.198098,0.268987,-0.311913,0.087476,0.086015,-0.238091,-0.220441,False,False,True,True
6,22,0.189711,0.169177,-0.122253,-0.244685,0.003049,-0.072371,-0.197304,0.054305,-0.052385,-0.200098,0.114731,0.120794,-0.307694,-0.301598,False,False,True,True
22,31,-0.188773,-0.020766,0.174567,0.041651,0.286816,-0.391212,-0.483114,-0.291940,0.298527,-0.509591,0.072919,0.085172,0.019668,0.016547,False,False,True,False
9,4,-0.188671,-0.148463,0.345872,0.257650,0.443177,0.128140,0.024418,0.219073,-0.085373,0.183587,0.058999,0.059741,0.285869,0.286350,True,False,True,True
29,30,0.188411,0.138013,0.029437,-0.083039,0.140577,-0.070490,-0.189672,0.046022,-0.047398,-0.109127,0.073441,0.086083,-0.115971,-0.137397,False,False,True,True
28,20,0.184388,0.188407,-0.165654,-0.282070,-0.046383,0.025896,-0.124246,0.177930,0.129887,-0.143731,0.107775,0.120955,-0.234214,-0.199660,False,False,True,True
13,25,0.188260,0.143342,-0.086043,-0.263336,0.098693,-0.239431,-0.380805,-0.086483,-0.150131,-0.235050,0.077172,0.075689,-0.286274,-0.270825,False,True,True,True
23,17,0.159754,0.188177,-0.195665,-0.331895,-0.059014,-0.033159,-0.140233,0.069663,-0.057109,0.025312,0.062468,0.057055,-0.118349,-0.107716,False,False,True,True
14,12,0.187921,0.175427,0.287392,0.144980,0.425397,-0.138056,-0.273506,0.007848,0.253363,-0.242534,0.249578,0.243518,-0.162461,-0.169909,False,False,True,True
8,19,-0.045634,0.187826,-0.147946,-0.290342,0.007273,-0.059907,-0.220615,0.084999,0.033044,-0.055816,0.070360,0.065039,-0.011261,-0.019028,False,False,False,True
25,19,0.029215,0.187451,-0.135208,-0.311550,0.074962,0.033315,-0.089765,0.145805,-0.051141,0.057008,0.009557,0.009072,-0.005206,-0.000902,False,False,False,True
17,7,0.187396,0.161525,-0.068432,-0.183868,0.053621,-0.049243,-0.170658,0.061511,-0.104553,0.060246,0.143513,0.141265,-0.275041,-0.283485,False,False,True,True
5,9,-0.187124,-0.147017,0.074581,-0.012093,0.155441,0.080997,-0.022111,0.179030,0.208655,-0.094225,0.006589,0.006904,0.013064,0.016936,False,False,True,True
9,25,-0.187103,-0.162705,0.234014,0.143867,0.328089,-0.030546,-0.159660,0.109235,0.031536,0.021412,0.035040,0.030586,0.091144,0.079923,False,False,True,True
14,30,0.187076,0.097263,-0.069326,-0.243894,0.093370,-0.141940,-0.246007,-0.043935,-0.093602,-0.211880,0.116677,0.114811,-0.303686,-0.308367,False,False,True,False
9,7,-0.187043,0.087212,0.263810,0.151736,0.377416,0.065609,-0.059595,0.192047,0.079039,0.244618,0.029475,0.029391,0.102576,0.102351,False,False,True,False
31,24,0.162084,0.186925,-0.146434,-0.283552,-0.003393,-0.078112,-0.194007,0.041391,-0.121310,0.161608,0.021606,0.020709,-0.039348,-0.041671,False,False,True,True
29,10,0.075664,0.186878,-0.294483,-0.415890,-0.166310,0.039078,-0.102573,0.178266,-0.059448,-0.036306,0.053095,0.043456,-0.047824,-0.048711,False,False,False,True
8,8,-0.186802,-0.119859,-0.121609,-0.225313,-0.009772,-0.111804,-0.232864,0.003188,-0.077858,-0.021248,0.143772,0.147345,0.051457,0.052417,False,False,True,False
13,13,0.186437,0.164066,0.013871,-0.115048,0.133878,-0.101797,-0.218686,0.018892,0.036149,-0.204735,0.121090,0.122903,-0.224709,-0.210993,False,False,True,True
4,8,-0.172251,0.186375,0.066067,-0.026680,0.168615,0.033281,-0.070330,0.129743,-0.071090,0.058892,0.029316,0.028242,0.047103,0.038852,False,False,True,True
15,9,0.147260,0.186123,-0.148770,-0.333127,0.032784,-0.180984,-0.304454,-0.051237,-0.020375,-0.070953,0.070715,0.068697,-0.146540,-0.146744,False,False,True,True
15,25,0.075530,0.185482,0.040576,-0.121839,0.190369,-0.183199,-0.305475,-0.050467,0.145337,-0.210200,0.143775,0.130347,-0.113817,-0.069020,False,False,False,True
11,1,-0.167377,0.185178,-0.026523,-0.133405,0.083980,-0.072950,-0.197884,0.043245,0.028168,-0.009959,0.064904,0.072877,0.044699,0.039020,False,False,True,True
16,22,0.185169,0.134680,-0.050185,-0.208389,0.125421,-0.074849,-0.216560,0.068394,-0.075927,-0.151757,0.051512,0.040888,-0.098763,-0.080543,False,False,True,True
6,25,-0.173726,-0.185107,0.215800,0.134383,0.297277,0.092326,-0.016098,0.194158,0.101819,-0.014735,0.005118,0.004785,0.013879,0.013207,False,False,True,True
25,13,-0.185062,-0.085693,-0.026254,-0.139703,0.075622,-0.287319,-0.391731,-0.192046,0.241074,-0.433583,0.042343,0.051884,-0.002015,0.007884,False,False,True,False
21,23,-0.184661,0.011949,0.137478,-0.011831,0.294459,-0.082299,-0.228830,0.075565,-0.014739,0.053174,0.040207,0.036381,0.057213,0.058778,False,False,True,False
6,2,-0.184402,-0.064776,0.257117,0.153374,0.359072,0.155337,0.047666,0.272512,0.001804,0.201071,0.019243,0.018753,0.076530,0.076430,True,False,True,False
13,23,0.136877,0.184020,0.228844,0.081433,0.360800,-0.281853,-0.444962,-0.112110,0.268636,-0.270649,0.134808,0.133737,-0.132859,-0.117976,False,False,True,True
1,14,-0.183370,0.136498,0.037716,-0.045311,0.118551,-0.177990,-0.258802,-0.097957,0.078105,-0.245510,0.025790,0.025850,0.015826,0.014203,False,False,True,True
30,9,0.182773,0.106601,-0.259941,-0.361648,-0.157971,0.136463,-0.011211,0.279470,-0.134320,-0.141440,0.134610,0.128724,-0.241852,-0.235257,False,True,True,False
28,26,0.112982,0.182742,-0.036330,-0.143419,0.058953,-0.018029,-0.128619,0.088742,-0.010776,0.243083,0.003554,0.003217,-0.002609,-0.002010,False,False,False,True
18,0,0.110265,0.182656,-0.316498,-0.465568,-0.161130,-0.127670,-0.236327,-0.029880,0.247574,-0.223773,0.202877,0.201115,-0.365879,-0.383734,True,False,True,True
8,7,-0.169117,0.182551,-0.043947,-0.137397,0.040241,-0.106624,-0.217934,0.000080,-0.022431,0.138333,0.046702,0.046976,0.011285,0.032682,False,False,True,True
31,20,-0.075170,0.182545,0.142041,-0.011116,0.280425,-0.444946,-0.541765,-0.345768,0.416253,-0.344920,0.044464,0.041795,-0.030495,0.004366,False,False,False,True
31,10,-0.015536,0.182129,-0.093772,-0.230211,0.057489,-0.213221,-0.391282,-0.055918,-0.011780,0.020847,0.004480,0.004375,-0.002663,-0.002260,False,False,False,True
16,27,0.118574,0.182018,-0.039751,-0.220267,0.132946,-0.323420,-0.445343,-0.194932,0.265381,-0.281048,0.224025,0.235278,-0.424131,-0.401185,False,False,True,True
20,10,0.037403,0.181863,-0.171539,-0.294232,-0.049179,-0.195974,-0.307629,-0.072718,0.299006,-0.329307,0.037217,0.044443,-0.037502,-0.041973,True,False,False,True
27,11,0.181089,0.156005,-0.301066,-0.397820,-0.197696,0.263434,0.142902,0.382150,-0.263583,0.202593,0.028311,0.028583,-0.036779,-0.031518,False,False,True,True
10,17,0.161827,0.180746,-0.191024,-0.342761,-0.029523,-0.127040,-0.272856,0.020682,-0.030145,-0.124682,0.114214,0.104005,-0.264869,-0.260160,False,False,True,True
2,10,0.180532,0.095791,-0.203566,-0.286364,-0.118890,-0.028420,-0.092794,0.033426,-0.089924,-0.210801,0.024441,0.022693,-0.060829,-0.056700,False,False,True,False
8,11,-0.179877,-0.129915,0.215886,0.039996,0.372449,0.130071,-0.002976,0.270303,0.161686,0.159814,0.096021,0.099872,0.313275,0.321226,False,False,True,True
26,27,0.150740,0.179787,-0.210480,-0.336138,-0.082928,-0.002023,-0.117008,0.116836,0.165137,-0.281349,0.149117,0.160342,-0.260415,-0.225152,False,False,True,True
25,31,0.127147,0.179393,-0.069451,-0.226819,0.105013,0.152416,0.054002,0.248960,-0.084659,0.109818,0.002883,0.003109,-0.001454,-0.000695,False,False,True,True
22,30,-0.179363,-0.018290,-0.161925,-0.295731,-0.032028,-0.398985,-0.515749,-0.269035,0.179681,-0.465266,0.047368,0.056838,-0.002322,-0.039143,True,False,False,False
8,0,-0.179271,-0.125129,-0.008770,-0.130318,0.101837,-0.094372,-0.229516,0.024486,-0.030672,-0.201222,0.082096,0.078336,0.051003,0.061859,False,False,True,True
31,28,0.179109,0.137826,-0.323215,-0.437367,-0.201419,0.141211,-0.011839,0.292074,-0.230019,0.065904,0.089159,0.086055,-0.162551,-0.196253,False,False,True,False
9,28,-0.127682,0.178944,-0.096881,-0.262340,0.070317,-0.106078,-0.273215,0.076719,-0.088997,0.004567,0.072095,0.069039,0.011390,0.006480,False,False,True,True
18,27,0.043638,0.178861,-0.437552,-0.558446,-0.303273,0.027641,-0.087923,0.137843,-0.140294,0.071971,0.091852,0.086336,-0.100535,-0.092679,False,False,False,True
29,28,0.178585,0.137064,0.028516,-0.049811,0.135191,0.144780,0.027662,0.253358,-0.053318,-0.035640,0.030111,0.032378,-0.015755,-0.012153,False,False,True,True
9,12,-0.178581,0.043339,-0.186294,-0.299264,-0.062316,-0.064223,-0.185044,0.053002,-0.183573,0.067907,0.099762,0.091771,0.056039,-0.004780,False,False,True,False
22,22,-0.178210,0.139774,-0.095209,-0.370606,0.043152,-0.206359,-0.316786,-0.100892,0.122605,-0.069468,0.011541,0.008803,-0.000956,0.004521,False,False,True,True
16,20,-0.176876,-0.040620,0.012028,-0.122063,0.154125,-0.241157,-0.432117,-0.064708,-0.019261,-0.188999,0.076412,0.086747,0.012807,0.026284,False,False,True,False
23,25,0.113836,0.176714,0.022865,-0.121295,0.164431,-0.233845,-0.387575,-0.074022,0.546037,-0.577959,0.070013,0.075886,-0.090791,-0.088189,False,False,False,True
15,30,0.176010,0.031717,0.298664,0.148262,0.430329,-0.016686,-0.139447,0.118667,0.147604,-0.216553,0.140191,0.141195,-0.066529,0.006800,False,False,True,False
6,4,0.175850,0.158131,-0.064718,-0.192497,0.064214,-0.041644,-0.181687,0.108247,-0.050510,-0.050453,0.084955,0.097195,-0.110395,-0.180372,False,False,True,True
21,19,0.074428,0.175846,-0.376309,-0.486086,-0.247265,0.083713,-0.043982,0.196026,-0.165920,0.178106,0.034242,0.032725,-0.033978,-0.033884,False,False,False,True
22,12,-0.175323,-0.168668,0.269605,0.152703,0.375121,-0.626309,-0.681599,-0.566738,0.333560,-0.635810,0.109326,0.187899,0.032323,-0.170521,False,False,True,False
17,6,0.131595,0.175283,-0.028720,-0.240947,0.181831,-0.424049,-0.530228,-0.309843,0.290922,-0.377330,0.097041,0.110474,-0.258547,-0.256361,False,False,True,True
19,27,-0.174353,0.110230,-0.239562,-0.391720,-0.096492,-0.338983,-0.431642,-0.240365,0.118431,-0.277918,0.018971,0.022557,-0.009610,-0.007546,True,False,True,True
11,21,0.127316,0.174204,-0.268266,-0.405304,-0.136850,-0.253604,-0.358082,-0.128737,-0.033303,-0.205057,0.077309,0.083153,-0.184218,-0.213792,True,False,True,True
25,6,-0.173929,-0.101226,-0.055808,-0.212570,0.068509,-0.333745,-0.448328,-0.218472,0.262821,-0.464154,0.050396,0.066489,-0.006265,-0.011943,False,False,True,False
26,2,-0.173621,0.109049,-0.166446,-0.352176,0.041350,-0.309058,-0.429277,-0.190345,0.141087,-0.434965,0.057749,0.055470,-0.022207,-0.003416,False,False,True,False
18,23,-0.173261,0.027392,-0.228839,-0.383192,-0.069831,-0.398419,-0.522352,-0.262847,0.217967,-0.547216,0.123538,0.126266,-0.071754,-0.049750,True,False,True,False
31,22,0.068177,0.172747,-0.027689,-0.132012,0.099290,-0.140235,-0.297137,0.012837,0.383412,-0.198131,0.043492,0.067923,-0.007536,-0.078177,False,False,False,True
16,25,0.172743,0.100433,0.420093,0.287269,0.542211,-0.426899,-0.561179,-0.289418,0.361442,-0.540457,0.264847,0.277848,-0.389571,-0.339845,False,False,True,False
20,12,-0.055009,0.172558,-0.456640,-0.598335,-0.283960,0.160846,0.065575,0.249678,-0.392191,0.327123,0.064088,0.083362,-0.003529,-0.018194,False,False,False,True
11,0,-0.172557,0.005634,0.031478,-0.083887,0.185211,-0.039018,-0.204889,0.142304,-0.079725,-0.002826,0.085995,0.082538,0.081960,0.086959,False,False,True,False
17,29,0.172469,0.091795,0.509244,0.438654,0.573104,-0.376734,-0.453631,-0.292620,0.432224,-0.524108,0.210036,0.194254,-0.171214,-0.062457,False,False,True,False
31,19,-0.172391,-0.095173,0.158509,0.045007,0.284993,0.157811,-0.019193,0.311286,0.109568,-0.070906,0.027782,0.028999,0.079325,0.076850,False,False,True,False
22,7,-0.108881,0.172193,0.003594,-0.104720,0.115641,0.253254,0.156322,0.349665,0.033724,0.217362,0.070728,0.076101,0.092849,0.100333,False,False,True,True
19,20,0.161506,0.171745,-0.329749,-0.460142,-0.200064,-0.013088,-0.133162,0.101200,-0.188609,0.081534,0.085055,0.091740,-0.210637,-0.212466,False,False,True,True
9,22,0.102251,0.171389,-0.259898,-0.387021,-0.130853,-0.252504,-0.394272,-0.122370,-0.139393,-0.136341,0.072125,0.072297,-0.146463,-0.140882,True,False,False,True
15,23,0.171359,0.161901,0.187969,0.047592,0.321370,-0.344948,-0.458793,-0.221185,0.242643,-0.303746,0.179790,0.190945,-0.372632,-0.371710,False,False,True,True
23,1,-0.171265,0.114114,-0.050078,-0.172228,0.074741,0.110878,-0.042154,0.260197,-0.009955,0.180430,0.055100,0.049350,0.072679,0.061847,False,False,True,False
24,1,-0.171197,0.058125,-0.288679,-0.405120,-0.161578,0.126422,-0.034401,0.264526,-0.046511,-0.257516,0.044253,0.039445,0.026456,0.011010,False,False,True,False
6,17,0.171116,0.118732,-0.325721,-0.392723,-0.255999,-0.021083,-0.136580,0.086362,-0.222783,-0.155383,0.014461,0.014644,-0.041645,-0.039595,False,True,True,True
14,29,0.170769,-0.016704,0.147744,-0.000543,0.289189,-0.144541,-0.278905,-0.009262,0.096834,-0.214263,0.196589,0.198057,-0.209642,-0.211357,False,False,True,False
8,1,-0.127415,-0.170743,0.271205,0.117541,0.409703,0.031605,-0.091452,0.161942,0.144349,-0.129301,0.053357,0.058216,0.090929,0.082816,False,False,True,True
10,10,0.170517,0.170550,-0.201028,-0.379215,-0.000179,-0.046275,-0.206099,0.102837,-0.174288,-0.016704,0.039529,0.037394,-0.090180,-0.082841,False,False,True,True
21,5,0.170306,0.104261,-0.099028,-0.219562,0.021185,0.110720,0.025127,0.201643,-0.040116,0.005581,0.043325,0.044066,-0.040121,-0.040323,False,False,True,False
20,28,0.094891,0.169937,-0.242225,-0.375118,-0.103657,0.043984,-0.066510,0.144178,-0.053075,0.167894,0.029708,0.028139,-0.028529,-0.025422,False,False,False,True
14,24,0.169773,0.148112,-0.077012,-0.247718,0.101690,-0.165597,-0.298732,-0.023408,0.062642,-0.313918,0.086381,0.075439,-0.174319,-0.182536,False,False,True,True
23,5,-0.124741,0.169609,0.120202,-0.026255,0.253889,-0.407996,-0.520758,-0.291136,0.666769,-0.679904,0.044013,0.047426,-0.016800,0.003398,False,False,False,True
18,14,0.041174,0.169390,-0.139993,-0.337582,0.055895,-0.288329,-0.391501,-0.185399,0.165381,-0.259067,0.088203,0.080699,-0.099143,-0.091086,False,False,False,True
26,6,-0.169337,-0.096626,0.234083,0.073899,0.363770,0.023994,-0.125609,0.181009,0.067821,0.071411,0.032952,0.035597,0.073605,0.076915,False,False,True,False
16,16,0.040153,0.168986,-0.490649,-0.604367,-0.348282,-0.016845,-0.104088,0.068786,-0.387684,0.243305,0.071264,0.073398,-0.082442,-0.096626,False,False,False,True
25,16,-0.097983,0.168861,-0.195357,-0.371744,-0.003861,-0.106196,-0.222958,-0.001169,-0.113064,-0.041592,0.011535,0.013574,-0.002192,-0.002165,True,False,False,True
19,22,0.148341,0.168207,0.110043,-0.016073,0.244012,-0.095199,-0.218109,0.039047,0.213620,-0.197646,0.051100,0.057977,-0.045025,-0.044070,False,False,True,True
9,20,-0.167840,-0.018628,-0.035098,-0.196093,0.128734,-0.103525,-0.263115,0.041655,-0.060080,-0.087351,0.067721,0.066652,0.044784,0.022039,False,False,True,False
15,18,-0.004272,0.167383,-0.094797,-0.294696,0.123214,0.050544,-0.076666,0.173876,-0.107937,-0.030081,0.047490,0.044080,-0.019644,0.013329,False,False,False,True
22,29,-0.167066,-0.130330,0.008920,-0.135611,0.131534,-0.432293,-0.532403,-0.331450,0.111860,-0.575286,0.102923,0.125874,-0.041109,-0.020003,False,False,True,True
31,6,0.159759,0.166726,-0.283617,-0.417319,-0.134556,0.111328,-0.014933,0.244105,-0.054742,0.084686,0.062101,0.056417,-0.095201,-0.097186,False,False,True,True
17,20,0.166684,0.155071,-0.342459,-0.465938,-0.200821,0.135286,0.003761,0.258908,-0.091575,-0.000791,0.104396,0.096574,-0.183725,-0.202382,False,False,True,True
31,2,0.166169,0.063735,-0.329880,-0.431776,-0.219081,0.210415,0.093069,0.328218,-0.335038,0.059572,0.078350,0.085893,-0.097415,-0.109302,False,False,True,False
26,20,0.125468,0.166000,0.019824,-0.090974,0.139284,-0.221796,-0.334421,-0.091804,0.052486,-0.137817,0.027112,0.034533,-0.032982,-0.053077,False,False,False,True
22,16,0.140775,0.165719,-0.235816,-0.359461,-0.102928,-0.006683,-0.102203,0.092241,-0.124834,0.072786,0.081884,0.088475,-0.124637,-0.135560,False,False,True,True
17,9,-0.145209,-0.165705,0.061838,-0.067850,0.197292,0.202928,0.070858,0.323674,-0.198290,0.193958,0.030117,0.030065,0.050885,0.057360,False,False,True,True
25,22,-0.165485,0.075927,-0.013009,-0.156287,0.125921,0.182589,0.057191,0.295887,-0.010296,0.190154,0.000466,0.000481,0.000844,0.000844,False,False,True,False
15,0,0.164769,0.056743,-0.201175,-0.381763,-0.000236,-0.032095,-0.184511,0.104481,-0.237778,-0.159671,0.129614,0.112903,-0.276890,-0.220642,False,True,True,False
18,15,0.093925,0.164732,-0.291102,-0.417752,-0.160009,0.034625,-0.070062,0.136221,0.020878,-0.175020,0.076487,0.078841,-0.076461,-0.086402,False,False,False,True
13,8,0.164498,0.051651,0.004338,-0.117347,0.143396,-0.109316,-0.255259,0.033916,-0.120570,-0.226821,0.223268,0.209860,-0.249876,-0.355613,False,False,True,False
18,26,0.097264,0.163875,-0.405599,-0.533790,-0.260225,0.000031,-0.129487,0.122769,-0.114804,0.116802,0.088456,0.080365,-0.136369,-0.130882,False,False,False,True
30,1,0.152955,0.163522,-0.042186,-0.144724,0.069335,-0.122626,-0.261186,0.023591,0.199093,-0.362988,0.121005,0.124282,-0.198089,-0.168028,False,False,True,True
19,25,-0.107789,0.163251,-0.187566,-0.352836,-0.006435,-0.186275,-0.341309,-0.036979,0.159713,-0.212756,0.017136,0.016695,-0.005315,-0.004439,True,False,False,True
16,3,0.162854,0.095406,0.050421,-0.144507,0.239924,-0.235676,-0.355933,-0.103524,0.037074,-0.364865,0.238075,0.220006,-0.464807,-0.337932,False,False,True,False
25,14,0.148322,0.162710,0.556075,0.445396,0.639061,-0.435282,-0.608974,-0.240921,0.557591,-0.429518,0.228139,0.230493,-0.521119,0.258384,False,False,False,True
23,11,0.014799,0.162664,-0.250850,-0.368981,-0.131886,-0.052780,-0.181745,0.075734,-0.039653,-0.004969,0.021195,0.023040,-0.014767,-0.014219,False,False,False,True
25,18,0.124789,0.162589,-0.046914,-0.186933,0.096690,-0.216459,-0.354573,-0.073983,0.214783,-0.278673,0.142166,0.146148,-0.250883,-0.179116,False,False,False,True
7,26,-0.162470,-0.107700,-0.155535,-0.254875,-0.056437,-0.180763,-0.304379,-0.058605,-0.194335,-0.184014,0.054429,0.052683,-0.004282,0.003904,True,True,True,False
28,23,0.150106,0.162255,-0.090747,-0.201346,0.027945,-0.115700,-0.239017,0.014706,0.026131,-0.090300,0.115434,0.124290,-0.204592,-0.182744,False,False,True,True
28,21,0.161703,0.141415,-0.122127,-0.234151,-0.012264,0.089800,-0.002653,0.185029,-0.095697,-0.116514,0.059382,0.056311,-0.074397,-0.044181,False,False,True,True
30,13,-0.161676,-0.034264,0.088783,-0.064572,0.231026,-0.616456,-0.683065,-0.549983,0.328017,-0.609868,0.090678,0.117081,-0.008959,-0.104948,False,False,False,False
13,2,0.151383,0.161026,0.120653,-0.003719,0.238470,-0.222723,-0.349853,-0.098775,0.200008,-0.217349,0.161323,0.166097,-0.222800,-0.194459,False,False,True,True
7,25,-0.027348,-0.160962,0.233869,0.117781,0.340253,-0.133118,-0.269399,0.018711,-0.106407,0.186673,0.066256,0.057818,0.020139,0.022139,False,False,False,True
29,8,0.155531,0.160475,-0.350723,-0.438369,-0.269813,0.038410,-0.086508,0.162046,-0.113704,0.099297,0.100934,0.091207,-0.212260,-0.213412,False,False,True,True
18,11,0.106909,0.160401,-0.410082,-0.539492,-0.259360,-0.042547,-0.156760,0.065381,0.082540,-0.243096,0.178299,0.165826,-0.327692,-0.307963,False,False,True,True
23,20,0.160268,0.114127,0.323924,0.195355,0.444176,-0.263419,-0.388112,-0.132277,0.586799,-0.643981,0.070779,0.077105,-0.065098,-0.063955,False,False,True,True
13,17,0.115881,0.160131,-0.002218,-0.125414,0.118257,-0.203288,-0.295082,-0.114890,0.093401,-0.157268,0.113348,0.110911,-0.132423,-0.132183,False,False,True,True
23,27,-0.160017,0.134687,-0.201380,-0.345831,-0.056833,-0.302920,-0.427545,-0.173321,0.234472,-0.348177,0.116160,0.140603,-0.053933,-0.034747,True,False,True,True
13,20,0.124826,0.159596,-0.339027,-0.455254,-0.223096,-0.116213,-0.229577,0.000918,-0.191284,-0.031060,0.109432,0.088225,-0.254343,-0.183427,False,False,True,True
14,17,0.159487,0.044272,-0.005796,-0.170098,0.168425,-0.169922,-0.330442,-0.018528,-0.024701,-0.355819,0.056665,0.053432,-0.096994,-0.084048,False,False,True,False
13,4,0.159433,0.125950,0.199802,0.075325,0.309607,-0.326675,-0.441609,-0.207866,0.209134,-0.322004,0.090382,0.089913,-0.129102,-0.143395,False,False,True,True
16,5,0.084129,0.159111,-0.169701,-0.333335,-0.001237,-0.203694,-0.306042,-0.088565,0.046607,-0.222693,0.086438,0.081012,-0.122663,-0.102819,True,False,False,True
25,29,0.057568,0.158736,-0.218365,-0.376493,-0.031377,-0.150188,-0.284178,-0.021510,-0.091029,-0.022828,0.006688,0.006564,-0.007509,-0.007058,True,False,False,True
22,24,0.158527,0.116641,0.036502,-0.071889,0.131699,-0.024931,-0.112164,0.062841,-0.038927,-0.125305,0.190303,0.201893,-0.161756,-0.175593,False,False,True,True
28,17,-0.096407,0.158263,0.041480,-0.080202,0.151851,0.050248,-0.079351,0.174392,0.005488,0.092879,0.029037,0.031478,0.013941,0.026847,False,False,False,True
28,24,-0.158121,-0.085570,0.187872,0.046914,0.341812,-0.080728,-0.220756,0.052234,0.225213,-0.245953,0.045999,0.039381,0.064017,0.050320,False,False,True,False
21,12,0.037160,0.157880,-0.310049,-0.416554,-0.196818,-0.057611,-0.125521,0.013258,-0.065110,-0.067641,0.153295,0.169162,-0.136201,-0.156588,False,False,False,True
9,18,0.149277,0.157779,-0.152314,-0.291743,-0.000167,-0.073519,-0.237857,0.089498,-0.248718,0.026987,0.039701,0.038185,-0.062693,-0.066973,False,False,True,True
11,27,-0.157757,0.094010,-0.267168,-0.358064,-0.162272,-0.269863,-0.407932,-0.129458,-0.174699,-0.087148,0.116758,0.118874,-0.043021,-0.047263,True,False,True,False
7,13,-0.076807,0.157301,0.035706,-0.079492,0.150403,0.079444,-0.061703,0.214784,-0.027799,0.040407,0.056474,0.066506,0.045455,0.031421,False,False,False,True
26,23,0.157190,0.150840,-0.159690,-0.273415,-0.034909,-0.015703,-0.133488,0.097567,-0.085864,-0.006354,0.128664,0.129689,-0.211120,-0.190949,False,False,True,True
16,10,0.014031,0.157008,-0.248360,-0.364888,-0.129747,-0.244392,-0.323166,-0.167343,0.202259,-0.244771,0.214408,0.217990,-0.236555,-0.232716,True,False,False,True
13,21,-0.015684,0.156912,-0.123759,-0.259938,0.004636,-0.337825,-0.430060,-0.243032,0.142051,-0.317728,0.136569,0.112252,-0.130770,-0.074229,False,False,False,True
30,29,-0.046016,0.156042,0.599634,0.522747,0.670949,-0.255996,-0.421949,-0.074410,0.644627,-0.536398,0.082704,0.085451,-0.003646,0.144834,False,False,False,False
16,18,-0.020085,0.155741,-0.232844,-0.432285,-0.018936,-0.303116,-0.398216,-0.204077,0.123287,-0.360243,0.078248,0.074754,-0.085025,-0.063616,True,False,False,True
14,1,0.155486,0.139755,-0.236364,-0.397711,-0.058545,-0.142897,-0.248355,-0.036402,-0.087942,-0.122339,0.167054,0.153133,-0.423773,-0.390231,True,False,True,True
16,26,0.058237,0.155186,-0.001589,-0.163223,0.150640,-0.313110,-0.423637,-0.196736,0.319767,-0.362194,0.245607,0.261088,-0.308068,-0.218011,False,False,False,True
18,24,0.072190,0.153983,-0.334639,-0.454711,-0.204959,-0.178653,-0.280783,-0.079114,0.044766,-0.189983,0.106089,0.105589,-0.168126,-0.169344,True,False,False,True
27,5,-0.153661,-0.048195,0.436904,0.301751,0.561262,-0.630497,-0.719528,-0.533309,0.581413,-0.759695,0.108358,0.132399,0.001270,-0.016594,False,False,True,False
19,9,0.153482,0.115310,-0.115921,-0.281101,0.045609,-0.151546,-0.242188,-0.060964,0.111746,-0.293896,0.163297,0.193210,-0.363339,-0.340580,False,False,True,False
14,4,0.124707,0.153306,-0.347456,-0.462955,-0.231473,-0.012861,-0.149287,0.114868,-0.245968,0.034488,0.152855,0.152829,-0.247308,-0.287408,False,False,True,True
27,9,0.152766,0.098814,-0.180342,-0.276302,-0.082704,-0.031061,-0.159911,0.096924,-0.179313,0.040487,0.016201,0.016778,-0.025109,-0.028691,False,False,True,False
30,20,-0.152689,-0.144134,0.195162,0.090882,0.314813,0.155351,0.018086,0.280478,0.284460,-0.269992,0.079152,0.080907,0.177301,0.193456,True,False,True,True
15,19,0.025119,0.152422,-0.288516,-0.489870,-0.066694,-0.145907,-0.272916,-0.013538,-0.178881,-0.101237,0.010115,0.009682,-0.011590,-0.008658,True,False,False,True
12,14,0.127910,0.152390,-0.295440,-0.420705,-0.166213,-0.213178,-0.329518,-0.098724,-0.157593,-0.139892,0.079818,0.087864,-0.183275,-0.221733,True,True,True,True
31,25,0.141936,0.151523,-0.363879,-0.443515,-0.285071,0.126724,0.002797,0.248133,-0.258743,0.132545,0.006975,0.007335,-0.008862,-0.012033,False,False,True,True
17,3,0.118616,0.151290,-0.117646,-0.270483,0.050836,-0.235272,-0.371581,-0.094340,0.102534,-0.252489,0.126478,0.129820,-0.238104,-0.201077,False,False,True,True
13,16,0.151242,0.114628,-0.183069,-0.338450,-0.030259,-0.223330,-0.375977,-0.054448,-0.057655,-0.228902,0.133889,0.132000,-0.362757,-0.320532,True,False,True,False
25,21,0.036780,0.150539,-0.447939,-0.525279,-0.384373,0.159426,0.015877,0.275931,-0.224420,0.204592,0.004063,0.004229,-0.002565,-0.003161,False,False,False,True
14,19,-0.150352,-0.137593,0.110420,-0.011519,0.220681,0.008325,-0.100684,0.122224,-0.113133,-0.112855,0.099403,0.084192,0.090446,0.140723,False,False,True,True
24,7,-0.150124,0.068588,-0.018341,-0.128146,0.095593,0.062151,-0.051627,0.169416,-0.151460,-0.033321,0.021351,0.026233,0.021526,0.026333,False,False,True,False
13,3,-0.149936,-0.024256,-0.303233,-0.458998,-0.134423,-0.191360,-0.284007,-0.092389,-0.215182,-0.208228,0.170840,0.172948,-0.067375,-0.046359,True,True,True,False
11,20,-0.116382,0.149932,-0.238458,-0.353650,-0.107774,-0.229099,-0.327868,-0.125934,-0.160467,-0.043890,0.073192,0.070923,-0.000134,-0.060248,True,False,False,True
31,12,0.134662,0.149846,-0.368104,-0.488094,-0.231595,0.094272,-0.048247,0.227296,-0.174145,0.063473,0.047089,0.046171,-0.076354,-0.069771,False,False,True,True
29,11,0.132754,0.149301,-0.250299,-0.361634,-0.137219,0.032291,-0.116509,0.168025,-0.020725,-0.031510,0.099647,0.106782,-0.130684,-0.140084,False,False,True,True
18,8,0.148627,0.134312,0.040045,-0.102331,0.174797,-0.287483,-0.382491,-0.189737,0.284571,-0.419413,0.178508,0.194065,-0.357379,-0.346374,False,False,True,True
21,14,0.066408,0.148457,-0.330744,-0.466765,-0.178459,-0.056362,-0.177732,0.064471,-0.002030,-0.140580,0.098982,0.104211,-0.127813,-0.110641,False,False,False,True
13,18,0.148428,0.124053,0.194768,0.059457,0.320332,-0.341047,-0.443150,-0.235608,0.216153,-0.372651,0.179289,0.157323,-0.219657,-0.213508,False,False,True,False
6,21,0.001200,0.147837,-0.224975,-0.317599,-0.137396,-0.024715,-0.173895,0.111383,-0.199712,0.260528,0.043463,0.042959,-0.017540,-0.025251,False,False,False,True
22,1,0.134988,0.147808,0.409267,0.239700,0.531575,-0.329472,-0.498152,-0.139391,0.411778,-0.309464,0.229947,0.214669,-0.539707,0.324823,False,False,False,False
29,5,-0.146961,0.088631,-0.003724,-0.163415,0.153928,-0.096969,-0.183393,-0.005133,0.209533,-0.208033,0.009650,0.012422,0.002998,0.006647,False,False,True,False
22,9,-0.014809,0.146874,-0.266762,-0.393549,-0.134513,-0.239098,-0.319364,-0.161483,0.190287,-0.224251,0.057839,0.078120,-0.038222,-0.089062,True,False,False,True
19,21,0.073460,0.146731,-0.073995,-0.197161,0.044738,-0.217411,-0.306147,-0.127982,0.156347,-0.357622,0.022086,0.023566,-0.025096,-0.023411,False,False,False,True
4,10,-0.053793,0.146691,-0.195346,-0.278242,-0.110310,-0.089779,-0.155197,-0.028579,0.074722,-0.177418,0.033016,0.033678,-0.008065,-0.013907,False,False,False,True
20,0,0.040234,0.146527,0.168133,0.019492,0.302544,-0.526281,-0.600839,-0.447797,0.424518,-0.549719,0.044040,0.048424,-0.048490,-0.054227,False,False,False,True
21,13,-0.133267,0.146058,-0.367751,-0.458720,-0.261723,-0.091566,-0.177680,-0.007032,0.144281,-0.158867,0.082586,0.099301,-0.021476,-0.028967,False,False,True,True
28,18,0.088375,0.145922,-0.259110,-0.339832,-0.180230,-0.074303,-0.184709,0.042169,0.227888,-0.272527,0.183988,0.212112,-0.251757,-0.230028,False,False,False,True
31,3,0.051544,0.145894,-0.207002,-0.350421,-0.065497,-0.236219,-0.345446,-0.116825,-0.096885,0.006544,0.075272,0.066914,-0.094041,-0.082033,True,False,False,True
12,29,0.134249,0.145834,-0.367685,-0.501662,-0.229865,-0.164976,-0.312205,-0.024365,-0.169159,-0.163294,0.089532,0.089620,-0.237375,-0.237293,True,False,True,True
17,22,0.057815,0.145546,0.106652,-0.017027,0.234425,-0.437470,-0.549171,-0.309912,0.382742,-0.403127,0.081797,0.107023,-0.102408,-0.136236,False,False,False,True
27,13,0.085361,0.145095,0.233933,0.128413,0.330566,-0.097619,-0.183739,0.008763,0.109269,-0.003322,0.017048,0.015466,0.000842,-0.003478,False,False,False,False
2,14,0.144614,0.029160,0.025311,-0.152395,0.192424,0.064409,-0.095766,0.227921,0.036110,-0.286856,0.018655,0.020764,-0.008680,-0.010296,False,False,True,False
10,23,0.118749,0.144333,-0.256030,-0.377340,-0.133192,-0.167785,-0.294295,-0.057396,-0.184478,-0.060811,0.080686,0.082748,-0.147403,-0.167413,True,False,True,True
24,30,0.130292,0.144224,-0.214665,-0.368002,-0.054772,0.116257,-0.008102,0.221571,-0.184987,0.209216,0.004263,0.003669,-0.004048,-0.003745,False,False,True,True
8,14,-0.144219,0.079067,0.054819,-0.083157,0.149742,-0.077712,-0.247630,0.057135,0.065825,0.009093,0.099098,0.099165,0.058308,0.073528,False,False,False,False
20,8,0.083035,0.144120,-0.260068,-0.381594,-0.117472,-0.009350,-0.136087,0.115118,-0.107791,-0.020728,0.025914,0.027835,-0.022728,-0.030756,False,False,False,True
16,2,0.142835,0.062079,-0.001278,-0.202242,0.203076,-0.245595,-0.341232,-0.146907,-0.072944,-0.346919,0.122015,0.134474,-0.240923,-0.209069,False,False,True,False
7,15,0.081601,0.142451,-0.088832,-0.188649,-0.000302,-0.205563,-0.327966,-0.091364,-0.129288,-0.049133,0.115347,0.118684,-0.129734,-0.133498,False,False,False,True
19,11,0.047669,0.141727,-0.175507,-0.328082,-0.026215,-0.179486,-0.309861,-0.054977,0.058225,-0.264348,0.068334,0.080398,-0.089161,-0.060525,True,False,False,True
20,21,0.141581,0.061498,-0.079861,-0.255042,0.031944,0.015429,-0.087023,0.125328,-0.111056,-0.044390,0.013919,0.014225,-0.013374,-0.012694,False,False,True,False
15,14,0.141103,0.125959,0.079994,-0.056744,0.197425,-0.290069,-0.416013,-0.168689,0.211314,-0.334307,0.090465,0.091720,-0.158478,-0.125245,False,False,True,True
27,25,-0.074306,0.141046,0.116542,0.039321,0.197463,0.469356,0.388792,0.540074,0.052111,0.300051,0.006347,0.008289,0.011856,0.017791,True,False,False,False
11,26,-0.027437,0.140339,-0.208012,-0.305158,-0.110399,-0.220838,-0.342870,-0.094155,-0.080509,-0.064045,0.148337,0.154831,-0.121581,-0.099697,True,False,False,True
9,1,0.062399,0.139985,-0.026283,-0.120990,0.060957,-0.086790,-0.200085,0.030976,-0.117062,0.139958,0.096001,0.101386,-0.030858,-0.074603,False,False,False,True
8,12,-0.139638,0.020119,-0.218859,-0.325282,-0.106489,-0.034689,-0.171646,0.087730,-0.052978,-0.004652,0.041792,0.047993,0.016198,-0.005743,False,False,True,False
31,26,0.138434,0.126025,0.031973,-0.078424,0.141623,-0.234994,-0.346822,-0.113543,-0.063336,-0.098982,0.053890,0.060779,-0.087933,-0.087147,False,False,True,True
30,18,0.138202,-0.018281,0.155767,0.020674,0.296246,0.007760,-0.127161,0.161771,0.025255,-0.042973,0.121679,0.116590,-0.020710,-0.044968,False,False,True,False
26,17,0.118456,0.138170,-0.125558,-0.221544,-0.006016,0.132456,0.017064,0.239990,-0.219528,0.177658,0.072039,0.081561,-0.036005,-0.037605,False,False,True,True
21,8,0.110033,0.137744,-0.036229,-0.232042,0.147310,-0.393147,-0.488614,-0.289526,0.248182,-0.475112,0.108083,0.112641,-0.233034,-0.188973,False,False,False,True
22,19,0.118295,0.136700,-0.263136,-0.364007,-0.160232,0.007940,-0.127303,0.136706,-0.156880,0.001832,0.060249,0.061679,-0.074676,-0.083154,False,False,True,True
15,15,0.074617,0.136496,-0.070225,-0.277228,0.139339,-0.267844,-0.407508,-0.120407,0.194708,-0.303710,0.079978,0.087346,-0.098301,-0.104729,False,False,False,True
26,16,0.080494,0.136408,-0.028643,-0.140573,0.077961,-0.140223,-0.227420,-0.049034,-0.024433,-0.115235,0.008509,0.008622,-0.007238,-0.006146,False,False,False,True
10,22,0.135405,0.135935,0.044014,-0.104007,0.185014,-0.054844,-0.180084,0.052341,0.022664,-0.018181,0.147820,0.139849,-0.055568,-0.152928,False,False,True,True
24,22,0.074402,0.135680,-0.043047,-0.167977,0.074794,-0.153277,-0.252586,-0.053150,0.488296,-0.619484,0.099136,0.103728,-0.096164,-0.069167,False,False,False,True
2,19,-0.111415,0.135676,-0.069241,-0.164258,0.024097,0.005951,-0.059312,0.069500,0.131202,0.180807,0.031873,0.030771,0.009577,0.013809,False,False,False,False
14,14,0.081095,0.135211,-0.013272,-0.124620,0.105262,-0.165197,-0.283129,-0.046408,-0.115734,-0.032232,0.077460,0.089562,-0.047157,-0.093753,False,False,False,True
19,30,-0.023091,0.134856,-0.334539,-0.434870,-0.220962,-0.015844,-0.118443,0.079703,-0.236107,0.197740,0.062503,0.061809,-0.033254,-0.037918,False,False,False,False
20,1,0.125446,0.134461,0.550913,0.468954,0.622434,-0.648135,-0.698186,-0.589958,0.575543,-0.651507,0.160704,0.140500,-0.161182,-0.088006,False,False,True,True
29,7,-0.131808,0.133846,-0.295954,-0.387155,-0.186254,-0.060428,-0.136664,0.008740,-0.129988,0.043967,0.012670,0.012573,-0.001832,-0.001836,False,False,True,False
26,30,0.120675,0.133762,-0.244868,-0.335191,-0.156472,-0.136108,-0.248451,-0.014887,0.154158,-0.274930,0.143573,0.130622,-0.241221,-0.257039,True,False,True,True
30,26,0.133557,0.113625,-0.283023,-0.392376,-0.176425,-0.023708,-0.172336,0.123025,0.011806,-0.159281,0.139729,0.142316,-0.263090,-0.213043,False,False,True,True
26,3,0.133007,0.066927,-0.055601,-0.163910,0.035558,-0.096147,-0.203753,0.016314,0.029910,-0.247723,0.165848,0.182572,-0.208444,-0.200454,False,False,False,False
18,12,0.037689,0.132822,-0.085096,-0.222753,0.057575,-0.188286,-0.320128,-0.039570,0.046584,-0.222552,0.085829,0.070631,-0.087167,-0.028194,False,False,False,True
30,17,-0.132678,0.047427,0.334491,0.222772,0.444330,0.063807,-0.050218,0.182382,-0.063667,0.175371,0.078799,0.079635,0.157768,0.165160,False,False,True,False
7,24,0.132148,-0.025640,-0.204936,-0.311264,-0.096778,-0.018878,-0.138844,0.097246,-0.107535,-0.135331,0.101258,0.103125,-0.144225,-0.135706,False,False,True,False
31,21,0.112991,0.132076,0.231334,0.101002,0.348523,-0.330659,-0.424241,-0.230659,0.515574,-0.527260,0.064005,0.074689,-0.046608,-0.094459,False,False,False,False
13,19,0.131860,0.086641,-0.334292,-0.479991,-0.199775,-0.055272,-0.201759,0.085540,-0.338987,0.100277,0.139998,0.126268,-0.276696,-0.268159,False,False,True,False
20,9,0.083103,0.131763,-0.295749,-0.417142,-0.165245,-0.258027,-0.366272,-0.150001,0.183573,-0.308958,0.121243,0.119586,-0.215595,-0.229786,True,False,False,True
1,13,0.024994,0.131344,-0.189004,-0.281991,-0.107336,-0.168068,-0.289937,-0.039822,-0.000398,-0.108674,0.010386,0.010644,-0.008935,-0.009139,True,False,False,True
17,13,-0.131139,0.053893,-0.213921,-0.333926,-0.086915,-0.077069,-0.200236,0.046768,-0.077455,-0.054866,0.082272,0.079396,0.008402,-0.013727,False,False,False,False
15,1,0.131115,0.071416,0.232473,0.122334,0.366060,-0.155536,-0.286507,-0.023087,0.230757,-0.230877,0.070154,0.066404,-0.028631,-0.034621,False,False,False,False
11,23,0.130945,0.125937,-0.157261,-0.277187,-0.039759,-0.139256,-0.255962,-0.019516,-0.202552,-0.111800,0.069983,0.077143,-0.113673,-0.130525,True,False,True,True
27,20,-0.130067,-0.003103,0.058053,-0.065095,0.174896,-0.338900,-0.472314,-0.209752,0.629076,-0.793754,0.059074,0.084500,-0.028867,0.001328,False,False,True,False
30,15,0.049820,0.129891,-0.057047,-0.165941,0.039610,-0.195095,-0.310157,-0.085034,0.530231,-0.618839,0.098738,0.108035,-0.080091,-0.086398,False,False,False,True
9,14,-0.000129,0.128489,-0.372870,-0.485505,-0.266874,-0.185040,-0.306201,-0.062420,-0.307906,0.072528,0.092129,0.083130,-0.090853,-0.107064,True,False,False,True
15,16,0.128105,0.106437,-0.168013,-0.317608,-0.011627,0.013802,-0.109627,0.139180,-0.211212,-0.080671,0.125172,0.106883,-0.165759,-0.097418,False,False,False,False
23,22,0.127632,0.123874,0.320289,0.200300,0.436240,-0.397655,-0.499517,-0.285525,0.569097,-0.615183,0.080137,0.091836,-0.104219,-0.089945,False,False,True,True
22,8,0.056816,0.125481,-0.137481,-0.280531,0.001028,-0.379573,-0.468541,-0.285947,0.282509,-0.397677,0.103793,0.112877,-0.165842,-0.164996,False,False,False,True
22,5,0.125290,0.008281,0.006434,-0.131712,0.145615,-0.010593,-0.127440,0.115560,-0.138077,0.142749,0.031118,0.028957,-0.020495,-0.017185,False,False,True,False
30,27,0.112664,0.124618,-0.208400,-0.313726,-0.106650,0.083906,-0.045621,0.214068,0.110837,-0.202905,0.136073,0.123076,-0.134054,-0.094660,False,False,False,True
19,6,-0.124257,0.118241,0.071168,-0.059600,0.200550,-0.024709,-0.148829,0.104848,0.042954,0.047529,0.013597,0.012584,0.008383,0.010949,False,False,True,False
22,27,0.067612,0.124175,-0.163802,-0.286949,-0.042570,-0.222001,-0.322349,-0.112695,0.019017,-0.224934,0.129983,0.143274,-0.190150,-0.150558,True,False,False,False
13,0,0.123865,0.113213,-0.136893,-0.279630,0.006752,-0.268492,-0.370381,-0.165127,-0.113731,-0.227014,0.125234,0.124333,-0.255828,-0.238932,False,True,True,True
20,24,-0.123364,0.000082,0.088605,-0.018434,0.191556,-0.431524,-0.511421,-0.356088,0.149216,-0.436637,0.142325,0.109722,-0.050183,0.029586,False,False,True,False
22,28,-0.056075,-0.123246,-0.056499,-0.177243,0.047959,-0.368721,-0.474599,-0.261870,0.339280,-0.661897,0.061951,0.077642,-0.041094,-0.054096,False,False,False,False
28,29,0.052106,0.123122,-0.314036,-0.444631,-0.178954,-0.090627,-0.240833,0.054570,-0.095481,-0.083054,0.029634,0.036031,-0.032622,-0.038304,False,False,False,False
18,9,0.005794,0.123120,0.016903,-0.150158,0.181515,-0.411655,-0.529666,-0.285782,0.368978,-0.594586,0.131116,0.161472,-0.173700,-0.109557,False,False,False,True
21,4,0.101269,0.122333,-0.251174,-0.374736,-0.115203,0.046662,-0.038203,0.136345,-0.128686,0.092687,0.016448,0.018511,-0.015087,-0.017457,False,False,False,True
25,4,-0.077410,-0.121934,-0.021954,-0.113072,0.060693,-0.191696,-0.283537,-0.105518,0.389245,-0.617629,0.054918,0.062839,0.002414,-0.019581,False,False,False,False
23,12,0.121121,0.095355,0.364964,0.246125,0.493453,-0.380562,-0.488261,-0.268320,0.385661,-0.567983,0.070068,0.067749,-0.063802,-0.031528,False,False,True,False
22,14,-0.120390,-0.094764,0.396892,0.245961,0.514895,-0.771632,-0.811174,-0.725988,0.447901,-0.771061,0.204684,0.286634,-0.168633,-0.156178,False,False,False,False
19,10,0.120383,0.087468,-0.175944,-0.271144,-0.080345,0.009673,-0.091334,0.106612,-0.188371,-0.045972,0.050794,0.044328,-0.055654,-0.047907,False,False,False,False
1,29,0.120343,0.070087,-0.086977,-0.153444,-0.024401,-0.134572,-0.210524,-0.059205,0.094651,-0.219211,0.035313,0.035225,-0.046616,-0.042553,False,False,True,False
21,15,-0.007506,0.120233,-0.311355,-0.412026,-0.194335,-0.129246,-0.234115,-0.026178,-0.040754,-0.086558,0.046272,0.048042,-0.039690,-0.038505,True,False,False,False
21,28,-0.119679,-0.118868,0.140171,0.054038,0.224015,-0.152401,-0.274529,-0.033539,0.011020,-0.140452,0.026744,0.026534,0.013652,0.013632,False,False,True,True
30,21,0.020820,-0.119580,0.244927,0.119196,0.384566,0.028754,-0.093550,0.145674,0.529388,-0.678958,0.073246,0.104082,0.021941,0.043449,False,False,False,False
30,2,0.118867,0.105584,-0.430481,-0.524885,-0.341258,0.011302,-0.128103,0.146501,0.005802,-0.198360,0.128187,0.128303,-0.246169,-0.229534,False,False,True,False
9,31,-0.118718,0.087507,0.058325,-0.084936,0.189374,-0.063265,-0.200806,0.073109,0.135577,-0.029163,0.136276,0.127932,0.050010,0.096308,False,False,False,False
11,15,0.043949,0.118689,0.076157,-0.042634,0.194849,-0.126769,-0.252257,0.012372,-0.058455,-0.065038,0.089719,0.102141,-0.029208,-0.036625,False,False,False,True
29,26,0.118643,0.040727,-0.040384,-0.194868,0.105073,-0.005762,-0.125006,0.129695,0.042461,-0.059301,0.005129,0.005474,-0.003380,-0.003948,False,False,True,False
16,24,-0.027039,0.117754,-0.092332,-0.270705,0.081810,-0.286908,-0.397682,-0.160104,0.139038,-0.392175,0.201408,0.203712,-0.169087,-0.095998,False,False,False,False
16,6,0.092413,0.117543,-0.009703,-0.136774,0.124413,-0.173572,-0.262904,-0.075155,0.169428,-0.253748,0.093607,0.081056,-0.084846,-0.068159,False,False,False,False
6,31,0.014136,0.117336,0.005221,-0.087696,0.088122,0.170927,0.076539,0.261595,0.072201,0.227466,0.054892,0.056800,0.015511,0.019853,False,False,False,True
20,25,-0.117116,-0.068133,-0.137960,-0.244913,-0.037486,-0.332771,-0.436146,-0.235917,0.191032,-0.469049,0.085555,0.106455,-0.034115,-0.057198,True,False,True,False
24,18,0.075337,0.116966,0.589769,0.501130,0.670546,-0.710097,-0.789026,-0.620626,0.642956,-0.739587,0.075671,0.076199,-0.078570,-0.038827,False,False,False,True
29,3,-0.116959,0.017005,-0.339929,-0.425020,-0.245414,-0.232471,-0.363797,-0.088287,-0.040117,-0.177423,0.011254,0.012461,-0.003246,-0.010434,True,False,False,False
4,6,-0.116560,-0.061120,-0.009022,-0.123606,0.111106,-0.080609,-0.187374,0.017217,0.097028,-0.087871,0.107217,0.101341,0.036637,0.031974,False,False,True,False
15,13,0.116039,0.106152,-0.166698,-0.301631,-0.020393,-0.036578,-0.206675,0.131840,-0.143220,-0.015209,0.067975,0.057633,-0.083794,-0.062673,False,False,False,False
23,28,0.112593,0.115593,-0.248171,-0.362739,-0.125262,-0.103579,-0.199493,-0.000029,-0.255719,0.093474,0.111252,0.113094,-0.174288,-0.179152,True,False,False,False
24,20,0.115267,0.087873,0.369044,0.254748,0.469306,-0.342571,-0.462930,-0.218794,0.337965,-0.534033,0.075868,0.081535,-0.085117,-0.015026,False,False,False,False
13,6,0.115185,-0.019677,0.400015,0.307324,0.491458,-0.187426,-0.291555,-0.075102,0.313143,-0.226156,0.143046,0.135410,-0.012632,-0.008268,False,False,True,False
21,1,0.019965,-0.115025,-0.091448,-0.189327,-0.003484,-0.248397,-0.344013,-0.148951,0.078527,-0.412440,0.123654,0.113034,-0.082567,-0.105483,False,False,False,False
17,23,-0.089516,0.114658,-0.155110,-0.354863,0.045209,-0.274697,-0.384826,-0.155079,0.415545,-0.436201,0.077211,0.078740,-0.049099,-0.024435,False,False,False,True
17,21,0.105888,0.114451,0.314152,0.213390,0.405224,-0.559419,-0.655713,-0.446059,0.440152,-0.549506,0.161138,0.186375,-0.262576,-0.263021,False,False,False,False
20,27,0.105738,0.114363,-0.191124,-0.327623,-0.038549,-0.087746,-0.235359,0.067689,0.029143,-0.285933,0.070791,0.073328,-0.087145,-0.095169,False,False,False,True
15,3,0.114220,0.044409,0.297471,0.186250,0.393651,-0.371520,-0.456252,-0.273820,0.247323,-0.392503,0.120426,0.159670,-0.133480,-0.181845,False,False,False,False
16,19,0.113147,0.076138,0.240598,0.091986,0.367446,-0.506624,-0.600336,-0.396361,0.297279,-0.577931,0.205086,0.211415,-0.362962,-0.251711,False,False,False,False
20,22,0.112940,0.069905,-0.146742,-0.299688,0.016957,-0.001049,-0.170631,0.135109,-0.122712,-0.173143,0.030792,0.034168,-0.022255,-0.036858,False,False,False,False
4,23,-0.112114,0.089527,0.090441,-0.021483,0.209782,0.026176,-0.087246,0.135011,0.009496,-0.102047,0.029870,0.028953,0.028947,0.020820,False,False,False,False
25,3,-0.111862,-0.055487,0.445185,0.381813,0.510580,-0.017057,-0.160406,0.125683,0.188835,0.013133,0.034505,0.038541,0.059814,0.064046,False,False,False,False
15,31,0.111797,0.066931,-0.235689,-0.344884,-0.095040,0.128920,-0.010597,0.238326,-0.192094,0.112493,0.045608,0.032918,-0.040116,-0.034362,False,False,True,False
20,5,-0.111626,0.071520,-0.037460,-0.185656,0.125768,0.148110,0.031159,0.259173,-0.100515,0.159903,0.006112,0.006369,0.004432,0.006393,False,False,True,False
23,18,-0.025649,0.111209,-0.074108,-0.204918,0.049286,-0.022360,-0.139848,0.088075,-0.000746,-0.146689,0.031885,0.029591,-0.002627,-0.002696,False,False,False,False
17,30,0.071973,0.111061,-0.263359,-0.389221,-0.110155,-0.028796,-0.132523,0.078690,-0.137129,-0.003388,0.059524,0.050708,-0.055584,-0.059155,False,False,False,False
31,14,-0.015666,0.110950,0.162594,0.061055,0.239787,-0.118835,-0.236785,0.016367,0.133495,0.057275,0.002171,0.002288,-0.000076,0.000582,False,False,False,False
24,23,0.108612,0.110655,0.412662,0.269412,0.528039,-0.593872,-0.684978,-0.490771,0.449045,-0.728208,0.141701,0.116785,-0.177730,-0.045949,False,False,False,False
31,30,-0.110141,0.020660,-0.282031,-0.396502,-0.171858,-0.105295,-0.220046,0.001831,-0.023442,-0.179478,0.052502,0.057621,-0.013579,-0.016768,False,False,False,False
21,11,0.041407,0.110056,-0.115935,-0.261292,0.039834,-0.162693,-0.236973,-0.086616,0.215562,-0.479297,0.163185,0.176771,-0.162760,-0.107577,False,False,False,True
26,14,-0.109280,-0.070826,0.066190,-0.037607,0.159988,-0.231743,-0.342273,-0.115507,0.514044,-0.607321,0.052295,0.062627,0.009264,-0.004696,False,False,False,False
20,7,-0.108561,0.065661,-0.188407,-0.303988,-0.045835,0.241412,0.092617,0.370322,-0.203683,0.185440,0.004992,0.004807,0.003266,0.003398,False,False,False,False
26,26,0.003576,0.108540,-0.383727,-0.491923,-0.242617,-0.134191,-0.212705,-0.064439,-0.172818,-0.035147,0.020244,0.019733,-0.022934,-0.019199,True,False,False,False
24,10,-0.030222,0.108472,-0.214781,-0.326442,-0.098851,0.008798,-0.107413,0.112979,-0.153408,0.005370,0.011627,0.011532,-0.004092,-0.002105,False,False,False,False
16,0,-0.108149,-0.021398,0.144704,-0.014335,0.295424,-0.388688,-0.491490,-0.278702,0.276675,-0.452317,0.150470,0.175511,-0.034750,-0.020536,False,False,False,False
2,21,-0.107818,0.064393,0.261159,0.159757,0.359088,0.138171,0.003862,0.266559,0.057414,-0.288020,0.010230,0.010097,0.016502,0.017658,True,False,False,False
29,27,0.107090,0.065647,-0.187439,-0.292921,-0.087008,-0.028429,-0.153524,0.104133,-0.046689,-0.027213,0.004393,0.004478,-0.004521,-0.005040,False,False,True,False
19,2,-0.106309,-0.069456,0.063587,-0.080943,0.201998,-0.461019,-0.576368,-0.344107,0.100646,-0.442773,0.167758,0.181081,-0.103158,-0.041743,False,False,False,False
30,11,-0.105989,-0.053171,-0.040326,-0.148306,0.051567,-0.141842,-0.272775,0.047129,0.041591,-0.244098,0.032267,0.040733,0.002517,0.000530,False,False,False,False
15,12,0.105606,0.078721,-0.194901,-0.323650,-0.057077,-0.046508,-0.180701,0.086252,-0.173046,-0.047221,0.146354,0.147217,-0.163561,-0.172841,False,False,False,False
21,31,-0.105264,0.015227,-0.114636,-0.199568,-0.014064,-0.213666,-0.341933,-0.089790,0.099896,-0.232486,0.043821,0.048917,-0.014517,-0.007265,True,False,False,False
13,15,-0.062671,0.105153,-0.310772,-0.441539,-0.180971,-0.321799,-0.406830,-0.239380,-0.092244,-0.187807,0.170555,0.163241,-0.171895,-0.136745,True,False,False,True
17,2,0.104982,0.096150,0.175442,0.050821,0.307266,-0.193165,-0.321693,-0.057787,0.183278,-0.279893,0.097538,0.103400,-0.053856,-0.067803,False,False,False,False
22,11,0.062655,0.103725,-0.272595,-0.407332,-0.140270,-0.288286,-0.407181,-0.166947,0.044362,-0.406787,0.112215,0.117377,-0.171236,-0.206272,True,False,False,False
20,29,0.094014,0.103527,-0.298255,-0.441700,-0.129750,0.041377,-0.058784,0.131844,-0.173020,0.012718,0.080473,0.076680,-0.081107,-0.089346,False,False,False,False
19,13,-0.103424,0.031702,0.117015,-0.010605,0.227712,-0.540870,-0.618306,-0.453054,0.265098,-0.582150,0.191532,0.169087,-0.140231,0.005650,False,False,False,False
24,25,-0.102497,-0.007098,0.246229,0.100564,0.370489,-0.619310,-0.693586,-0.537786,0.640781,-0.775733,0.053142,0.067940,-0.022938,-0.045099,False,False,False,False
5,20,-0.102231,0.024274,0.304426,0.176804,0.415022,-0.051926,-0.141147,0.047878,0.010747,-0.195499,0.040189,0.042566,0.041548,0.048713,False,False,False,False
25,0,-0.101744,0.069663,0.301181,0.210158,0.389632,0.181820,0.058233,0.320566,0.321365,0.123631,0.020310,0.022415,0.035951,0.043273,True,True,False,False
15,28,0.100614,0.019178,-0.167398,-0.337816,0.011842,0.082805,-0.052480,0.202784,-0.191188,-0.057900,0.044405,0.041405,-0.033699,-0.024002,False,False,False,False
22,3,-0.100333,-0.007114,-0.095614,-0.232494,0.061706,-0.265023,-0.344906,-0.179760,-0.026932,-0.244536,0.062523,0.051151,-0.060070,0.029095,False,False,False,False
18,29,0.086735,0.100198,0.040642,-0.136429,0.221273,-0.431382,-0.518121,-0.337288,0.227493,-0.447173,0.095202,0.100128,-0.146491,-0.150688,False,False,False,False
26,12,-0.099907,0.042533,0.340648,0.222070,0.442844,-0.656668,-0.723254,-0.577401,0.576853,-0.797649,0.064428,0.070676,-0.049406,-0.002152,False,False,False,False
28,27,-0.003875,-0.099529,0.173464,0.045914,0.314733,-0.441189,-0.522585,-0.355301,0.472283,-0.686618,0.055981,0.064517,-0.014904,-0.065928,False,False,False,False
28,19,-0.038732,0.099479,0.015747,-0.127208,0.149022,0.385858,0.271908,0.494385,0.123271,-0.090685,0.028932,0.040519,0.026548,0.059532,False,False,False,False
29,16,-0.099358,0.003816,0.323003,0.171715,0.440161,0.018182,-0.128042,0.174905,0.076017,0.149237,0.084541,0.090839,0.111209,0.122866,False,False,True,False
29,24,0.099148,0.064310,-0.138785,-0.258900,-0.024187,-0.132101,-0.253143,-0.002851,-0.070146,-0.024738,0.004531,0.004759,-0.005176,-0.005919,True,False,False,False
28,25,0.083778,0.099067,0.059141,-0.022853,0.161944,0.043974,-0.059992,0.152880,0.114360,-0.064801,0.060946,0.059854,0.013124,-0.030774,False,False,False,False
10,14,-0.040075,-0.098051,0.022141,-0.078849,0.123496,-0.114950,-0.229271,-0.003461,-0.086568,-0.261965,0.097297,0.087034,0.004592,-0.007769,False,False,False,False
25,23,0.097816,0.082792,-0.147190,-0.289232,0.005758,0.020608,-0.081788,0.116520,-0.119418,0.204265,0.012334,0.007981,-0.010007,-0.007394,False,False,False,False
25,17,-0.018927,0.097579,-0.186819,-0.306032,-0.051367,-0.157874,-0.327121,-0.004330,0.056550,-0.226627,0.052180,0.065500,-0.038817,-0.031824,True,False,False,False
11,18,-0.067855,0.097420,-0.207584,-0.337612,-0.074548,-0.137511,-0.255473,-0.023618,-0.182803,-0.039308,0.070669,0.072867,-0.034261,-0.021301,True,False,False,False
17,28,0.068127,0.096499,0.174901,0.065751,0.287160,-0.240502,-0.356841,-0.115994,0.327826,-0.496229,0.301050,0.319823,-0.181143,-0.140741,False,False,False,False
12,10,-0.008193,0.095015,-0.178968,-0.274786,-0.074294,-0.104652,-0.232577,0.034646,-0.092022,-0.179834,0.122394,0.139486,-0.065411,-0.071065,False,False,False,False
20,30,-0.094804,-0.066698,-0.125498,-0.271583,0.018808,-0.393933,-0.479897,-0.313446,0.147155,-0.463495,0.129868,0.163141,-0.096255,-0.099168,False,False,False,False
6,14,0.093207,0.058889,-0.153022,-0.252577,-0.052042,-0.264755,-0.375311,-0.162918,0.078093,-0.324034,0.059626,0.058017,-0.092331,-0.093920,True,False,False,False
16,23,-0.092711,-0.062283,0.052081,-0.100768,0.199653,-0.303572,-0.416702,-0.185582,0.128511,-0.364675,0.048492,0.056281,-0.018407,-0.002766,False,False,False,False
17,26,0.091930,0.084915,0.375563,0.271342,0.468931,-0.583852,-0.647457,-0.512337,0.400256,-0.543013,0.158664,0.168423,-0.177371,-0.201761,False,False,False,False
11,24,-0.091770,0.080934,-0.260450,-0.345033,-0.165536,-0.241494,-0.369858,-0.111419,-0.151349,-0.208680,0.136293,0.142286,-0.064409,-0.095375,True,True,False,False
18,16,-0.000400,-0.091504,-0.070925,-0.205980,0.058596,-0.361259,-0.440549,-0.272918,0.094613,-0.433929,0.070473,0.109899,-0.073221,-0.114061,False,False,False,False
30,12,-0.053403,0.090955,0.161579,0.061762,0.269256,-0.136162,-0.304766,0.031787,0.571990,-0.535660,0.087231,0.099559,0.005376,0.034332,False,False,False,False
22,10,-0.089987,0.010374,-0.297010,-0.432881,-0.147034,-0.342727,-0.454805,-0.232065,0.145781,-0.537802,0.151541,0.163037,-0.112671,-0.145283,True,False,False,False
29,18,-0.089588,0.077392,0.364297,0.246477,0.460295,0.145604,0.024567,0.277407,0.077308,-0.098080,0.016719,0.017582,0.028748,0.031679,True,False,False,False
23,31,0.088906,0.060919,-0.216777,-0.325117,-0.092475,0.077462,-0.039106,0.177612,-0.154704,0.085799,0.030532,0.027599,-0.022646,-0.020884,False,False,False,False
22,2,-0.076795,-0.088438,0.275888,0.134086,0.390021,-0.627622,-0.686890,-0.557327,0.462958,-0.733600,0.084394,0.101061,-0.037876,-0.071776,False,False,False,False
2,20,-0.087882,0.034011,0.260666,0.143704,0.377534,0.272915,0.155740,0.390004,0.181833,-0.214814,0.006993,0.007046,0.013258,0.012827,True,False,False,False
28,15,-0.087344,-0.024164,0.373343,0.231458,0.491162,-0.743448,-0.802365,-0.672638,0.507365,-0.801784,0.171064,0.243076,-0.247194,-0.078302,False,False,False,False
18,25,0.061372,0.085179,-0.389008,-0.533001,-0.226790,-0.055370,-0.163202,0.043534,-0.224812,-0.041541,0.109218,0.098007,-0.143596,-0.132228,False,False,False,False
11,14,0.002884,0.084007,-0.227841,-0.357497,-0.096554,-0.244065,-0.369603,-0.119692,-0.162110,-0.179449,0.097130,0.095528,-0.101046,-0.086651,True,True,False,False
30,3,-0.083804,-0.061377,-0.303011,-0.398980,-0.194534,-0.025788,-0.153800,0.103664,-0.055084,-0.197116,0.040251,0.046965,-0.012021,-0.008777,False,False,False,False
19,8,0.075627,0.083249,-0.422007,-0.559360,-0.272755,-0.125665,-0.248237,-0.012548,-0.285760,-0.085444,0.099374,0.117600,-0.165561,-0.191438,True,False,False,False
24,21,-0.082760,-0.036371,-0.174641,-0.298993,-0.035243,0.150614,0.041227,0.253318,-0.251030,-0.052037,0.030615,0.025726,0.004300,0.011802,False,False,False,False
18,31,-0.082560,-0.045900,-0.386089,-0.500452,-0.262000,-0.161145,-0.270263,-0.062226,-0.286143,-0.216694,0.059172,0.047788,-0.041448,-0.034172,True,True,False,False
14,20,0.082044,-0.006182,0.325075,0.176646,0.454123,-0.371173,-0.457565,-0.273796,0.259440,-0.401965,0.213366,0.219549,-0.163876,-0.084821,False,False,False,False
21,3,-0.007067,0.081924,-0.202944,-0.348810,-0.035324,-0.183250,-0.316952,-0.050944,-0.175470,-0.086706,0.047289,0.047970,-0.036780,-0.034103,True,False,False,False
16,7,0.081523,0.063701,-0.218264,-0.367642,-0.061638,0.063958,-0.023406,0.148164,-0.210032,0.034608,0.073732,0.064314,-0.063890,-0.039799,False,False,False,False
24,16,-0.080016,0.078480,0.373849,0.244492,0.481022,-0.700398,-0.764611,-0.623006,0.669095,-0.773885,0.061616,0.063414,-0.017353,-0.036449,False,False,False,False
22,15,-0.078623,-0.065154,-0.008721,-0.131797,0.099305,-0.490040,-0.602334,-0.371089,0.166881,-0.601180,0.129223,0.126334,-0.124476,-0.042200,False,False,False,False
21,2,0.078193,0.015591,-0.060908,-0.160599,0.036410,-0.212269,-0.356592,-0.080258,-0.004354,-0.184783,0.161259,0.181402,-0.206225,-0.158840,False,False,False,False
27,28,0.045555,-0.078153,0.235396,0.114331,0.360030,-0.100458,-0.210692,0.019109,0.074005,-0.141577,0.164209,0.174009,-0.027086,0.037932,False,False,False,False
21,25,-0.050148,0.077931,-0.027150,-0.142018,0.074425,-0.168252,-0.282480,-0.060426,0.119176,-0.246163,0.090263,0.086815,-0.015837,-0.017806,False,False,False,False
3,12,-0.077829,-0.073661,0.158544,0.071561,0.233927,-0.005913,-0.104257,0.083376,0.220078,-0.126186,0.036554,0.032246,0.031081,0.018055,False,False,False,False
18,22,0.000192,0.077798,0.086554,-0.087457,0.242653,-0.565193,-0.638552,-0.484849,0.349650,-0.604776,0.121228,0.128261,-0.142687,-0.124515,False,False,False,False
17,31,-0.016673,0.074346,0.275297,0.173906,0.366415,-0.511168,-0.592484,-0.413416,0.371495,-0.581441,0.258226,0.291895,-0.207743,-0.106074,False,False,False,False
18,18,-0.073340,0.031145,-0.188645,-0.344939,-0.034447,-0.337053,-0.432353,-0.238216,0.171343,-0.472283,0.049961,0.056162,-0.038153,-0.038418,True,False,False,False
14,16,0.073009,0.048480,-0.184190,-0.396808,0.025680,-0.193221,-0.316075,-0.062105,-0.262535,-0.195990,0.072963,0.078790,-0.097489,-0.093501,False,True,False,False
27,23,0.064815,0.071827,0.844466,0.805303,0.875336,-0.907855,-0.927568,-0.882254,0.856357,-0.911039,0.235629,0.279730,-0.256663,-0.246691,False,False,False,False
18,17,-0.070997,0.007043,-0.125178,-0.242531,-0.005985,-0.183080,-0.310959,-0.064864,-0.038913,-0.256780,0.026706,0.015609,-0.009956,-0.001659,True,False,False,False
18,30,0.055510,0.070482,-0.134361,-0.262119,-0.024184,-0.108009,-0.194888,-0.023550,-0.070244,-0.063063,0.117999,0.093294,-0.092938,-0.073813,True,False,False,False
30,25,0.031044,0.070008,-0.322606,-0.427280,-0.215197,-0.158214,-0.298347,-0.008273,-0.176766,-0.312709,0.060062,0.060131,-0.063535,-0.075587,True,True,False,False
19,14,-0.068480,0.039696,0.169364,0.068524,0.264983,-0.308936,-0.424841,-0.189428,0.283423,-0.432767,0.151371,0.158582,-0.035702,0.015942,False,False,False,False
20,13,-0.066970,-0.014282,0.549383,0.476345,0.614768,-0.739153,-0.793158,-0.679767,0.575660,-0.744331,0.231870,0.239524,-0.109485,-0.012627,False,False,False,False
17,25,0.059600,0.066757,0.595015,0.531411,0.654311,-0.664246,-0.722354,-0.601176,0.547422,-0.612971,0.296903,0.328993,-0.242700,-0.191043,False,False,False,False
30,14,0.066563,0.047950,-0.087343,-0.210866,0.038299,-0.090092,-0.229007,0.043569,0.415331,-0.567045,0.085327,0.092106,-0.064597,-0.059717,False,False,False,False
9,13,-0.004321,0.066110,-0.395945,-0.519238,-0.265589,-0.152655,-0.244871,-0.066875,-0.281694,0.018892,0.111529,0.109212,-0.100346,-0.135270,True,False,False,False
7,10,-0.062051,0.062778,-0.151488,-0.298175,0.010536,-0.013542,-0.166192,0.133777,-0.211592,-0.069872,0.104778,0.106737,0.007318,-0.019862,False,False,False,False
25,5,0.022580,0.062674,0.261105,0.107750,0.380716,-0.519839,-0.622974,-0.390648,0.320558,-0.516454,0.099466,0.077764,-0.142577,0.052658,False,False,False,False
26,13,-0.062588,-0.014857,0.661409,0.569504,0.731555,-0.815757,-0.856293,-0.765148,0.716420,-0.833497,0.192581,0.237280,-0.182838,-0.020728,False,False,False,False
13,9,-0.026106,0.061492,-0.028726,-0.160360,0.084584,-0.315503,-0.411365,-0.214728,0.034997,-0.394073,0.167713,0.175216,-0.111600,-0.097662,False,False,False,False
26,29,0.061245,-0.003454,-0.238562,-0.338117,-0.150697,-0.087568,-0.188362,0.006099,0.137274,-0.515706,0.092324,0.107176,-0.116581,-0.080216,False,False,False,False
24,17,-0.011500,0.061229,0.173811,0.052469,0.274024,-0.443389,-0.544367,-0.333376,0.537856,-0.696830,0.060033,0.070165,-0.055086,-0.029059,False,False,False,False
17,24,-0.060936,-0.037382,0.133056,-0.010408,0.262502,-0.601447,-0.663854,-0.532556,0.302449,-0.591484,0.199680,0.219484,-0.171822,-0.150593,False,False,False,False
18,28,0.060891,0.047633,0.293048,0.157034,0.414474,-0.565817,-0.642264,-0.494995,0.264162,-0.546396,0.164949,0.164854,-0.200846,-0.126090,False,False,False,False
17,15,0.017304,0.060747,-0.452092,-0.569541,-0.319799,-0.213658,-0.326363,-0.101431,-0.175999,-0.197742,0.100650,0.093969,-0.149538,-0.136581,True,True,False,False
21,29,-0.060099,-0.009587,0.311345,0.216236,0.411222,-0.527586,-0.601308,-0.443117,0.354053,-0.559091,0.067952,0.061654,-0.014460,-0.008606,False,False,False,False
27,7,-0.058793,-0.039104,0.596911,0.495391,0.675788,-0.773528,-0.821111,-0.712582,0.657152,-0.806046,0.168529,0.199316,-0.147405,-0.018185,False,False,False,False
13,27,-0.058383,-0.034395,-0.228879,-0.417229,-0.029850,-0.093585,-0.234997,0.042721,-0.303023,-0.083861,0.122140,0.103987,-0.056250,-0.033572,False,False,False,False
14,28,0.057824,-0.013268,-0.032342,-0.179375,0.108560,-0.259579,-0.377695,-0.136570,0.036476,-0.239055,0.105272,0.119778,-0.113028,-0.108397,False,False,False,False
20,23,-0.020527,-0.056687,0.132089,0.022225,0.232423,-0.535551,-0.621533,-0.437263,0.343083,-0.605886,0.123315,0.141289,-0.090421,-0.137544,False,False,False,False
22,0,-0.056357,-0.054928,0.522359,0.425346,0.603122,-0.781784,-0.822730,-0.733546,0.551536,-0.764345,0.194909,0.263949,-0.001327,-0.344027,False,False,False,False
13,5,-0.000682,-0.055942,0.036499,-0.084013,0.168390,-0.236903,-0.353240,-0.114609,0.006232,-0.131702,0.136494,0.105396,-0.012433,-0.073473,False,False,False,False
27,6,0.041636,0.051945,0.869237,0.835438,0.896302,-0.922460,-0.939843,-0.901126,0.879820,-0.922359,0.355214,0.407073,-0.355734,-0.208507,False,False,False,False
25,12,-0.051518,-0.043539,-0.109032,-0.218402,-0.011348,-0.101273,-0.230488,0.019919,0.138211,-0.242501,0.061185,0.065037,-0.013942,-0.012027,False,False,False,False
18,4,-0.050996,-0.040592,0.170344,0.046817,0.278140,-0.432010,-0.514153,-0.356751,0.165046,-0.397745,0.040383,0.042556,-0.016725,-0.015673,False,False,False,False
27,31,-0.014848,-0.049869,-0.269467,-0.414677,-0.130453,-0.031395,-0.127139,0.055163,-0.143284,-0.145473,0.014204,0.016291,-0.008852,-0.006007,False,True,False,False
20,2,-0.039840,0.049393,0.416167,0.327157,0.485913,-0.568411,-0.639699,-0.489296,0.570016,-0.563540,0.025966,0.035813,-0.013872,-0.018928,False,False,False,False
18,20,0.048980,0.029760,0.103244,-0.090757,0.278258,-0.417943,-0.520764,-0.310707,0.180534,-0.451955,0.089021,0.106392,-0.102146,-0.110089,False,False,False,False
17,27,-0.047428,0.045361,0.085875,-0.069296,0.227317,-0.509741,-0.593004,-0.420004,0.221631,-0.470313,0.152067,0.166676,-0.114176,-0.117532,False,False,False,False
20,26,-0.026569,0.047260,0.075418,-0.051203,0.175162,-0.334507,-0.441544,-0.240493,0.348159,-0.578023,0.134863,0.163505,-0.081060,-0.074117,False,False,False,False
19,0,-0.046554,0.025666,0.318124,0.212453,0.416772,-0.484971,-0.594124,-0.352683,0.371386,-0.444111,0.139253,0.137553,-0.108403,0.051710,False,False,False,False
20,15,-0.045546,-0.011267,0.427079,0.336456,0.510314,-0.638762,-0.704622,-0.559329,0.479420,-0.663752,0.139604,0.135963,-0.093678,0.010621,False,False,False,False
31,29,-0.028213,0.044601,-0.271174,-0.363119,-0.184427,0.154072,0.028904,0.271712,-0.030195,-0.103334,0.041446,0.043304,-0.001837,-0.003303,False,False,False,False
24,24,-0.041693,-0.020404,0.317181,0.194530,0.427625,-0.529761,-0.623060,-0.433517,0.594564,-0.640686,0.072453,0.105729,-0.025424,-0.086202,False,False,False,False
16,11,-0.041552,0.027766,-0.196455,-0.325991,-0.063401,-0.335192,-0.415175,-0.260517,0.119297,-0.413477,0.027700,0.026345,-0.025890,-0.020260,True,False,False,False
30,30,0.038735,0.040522,0.686385,0.623125,0.741970,-0.685026,-0.757663,-0.595761,0.758829,-0.773640,0.098149,0.109634,-0.079229,-0.015898,False,False,False,False
17,18,-0.040353,-0.019693,-0.256012,-0.435041,-0.077628,-0.161653,-0.264492,-0.058082,-0.255345,-0.226176,0.136259,0.122423,-0.099938,-0.066904,True,True,False,False
19,3,-0.039801,-0.013936,0.390445,0.265522,0.495322,-0.695156,-0.746069,-0.640505,0.425770,-0.686280,0.224886,0.293740,-0.260416,-0.155062,False,False,False,False
23,14,-0.037863,0.031191,-0.089848,-0.183492,0.008640,-0.267682,-0.364133,-0.166958,0.444985,-0.550002,0.116368,0.142741,-0.065755,-0.088806,False,False,False,False
24,26,0.037485,0.014513,-0.013186,-0.133988,0.082939,-0.376556,-0.468023,-0.279320,0.173935,-0.545752,0.083981,0.099859,-0.099769,-0.107480,False,False,False,False
26,31,0.037423,0.010531,0.221683,0.100714,0.331285,-0.421372,-0.541335,-0.290308,0.532078,-0.761838,0.045942,0.052201,-0.050733,-0.022351,False,False,False,False
20,14,-0.037335,0.017206,0.526040,0.445272,0.597772,-0.721754,-0.774684,-0.660969,0.638245,-0.739536,0.183944,0.216037,-0.132641,-0.083489,False,False,False,False
21,26,0.036768,0.032250,-0.223671,-0.376593,-0.048140,-0.295619,-0.430726,-0.149642,0.153830,-0.354882,0.119227,0.147453,-0.163853,-0.192703,True,False,False,False
19,23,0.034767,0.020723,-0.210734,-0.384589,-0.031271,-0.521650,-0.619016,-0.405412,0.157359,-0.612294,0.077343,0.098820,-0.187470,-0.149540,True,False,False,False
0,29,-0.034218,0.024464,-0.165323,-0.239060,-0.089620,-0.050082,-0.119792,0.006867,0.059218,0.034020,0.059302,0.059302,-0.016450,-0.016449,False,False,False,False
29,9,-0.033613,-0.026142,-0.320601,-0.437946,-0.218002,-0.081507,-0.240551,0.077042,0.010787,-0.287842,0.144231,0.160449,-0.122021,-0.062158,False,False,False,False
19,26,-0.023751,0.032746,-0.170386,-0.249889,-0.072378,0.030586,-0.106062,0.125485,-0.113881,-0.000724,0.012278,0.006126,-0.003752,-0.001545,False,False,False,False
20,3,0.029218,0.032181,-0.216841,-0.369747,-0.036536,-0.177083,-0.314406,-0.047572,-0.146694,-0.280577,0.048090,0.039567,-0.044180,-0.040802,True,True,False,False
16,21,0.030809,0.012347,0.271291,0.150725,0.380107,-0.517318,-0.586170,-0.442559,0.276431,-0.521549,0.123747,0.125000,-0.106492,-0.077857,False,False,False,False
23,23,0.026542,0.028598,-0.184065,-0.315703,-0.060663,-0.095137,-0.189794,-0.012973,-0.153979,-0.190389,0.086093,0.051549,-0.066925,-0.034495,False,True,False,False
26,0,0.028050,-0.000880,-0.343500,-0.478860,-0.199207,-0.192817,-0.334406,-0.046211,-0.124063,-0.269516,0.102159,0.112057,-0.126236,-0.141279,True,True,False,False
15,2,0.025774,-0.010040,0.001953,-0.158501,0.155710,0.042402,-0.090691,0.173761,0.066222,-0.066006,0.083494,0.065421,0.008233,-0.012002,False,False,False,False
31,11,0.025716,0.014403,-0.266539,-0.392197,-0.125353,0.084279,-0.040766,0.197118,-0.259112,-0.058355,0.047506,0.071267,-0.005728,-0.031368,False,False,False,False
22,13,-0.025508,-0.003958,-0.107170,-0.239624,0.029236,-0.261881,-0.377280,-0.143070,0.218478,-0.544764,0.133512,0.162643,-0.117966,-0.079914,False,False,False,False
25,15,-0.025479,-0.017493,0.519061,0.365743,0.668953,-0.641565,-0.711423,-0.570468,0.520127,-0.634483,0.199769,0.249392,0.252815,-0.476846,False,False,False,False
23,21,-0.002513,0.025140,0.001717,-0.159750,0.216445,-0.028154,-0.178337,0.090296,0.016962,-0.236670,0.049432,0.041202,0.001392,-0.005027,False,False,False,False
0,31,-0.020770,0.017866,-0.155970,-0.209439,-0.106221,-0.112959,-0.180084,-0.052470,0.017080,-0.053532,0.000212,0.000212,-0.000094,-0.000094,True,False,False,False
24,27,0.015526,0.020727,0.689890,0.614672,0.749369,-0.854713,-0.888770,-0.813977,0.697662,-0.849997,0.347645,0.444336,-0.445632,-0.309204,False,False,False,False
26,15,-0.017057,-0.005845,0.552507,0.443763,0.630815,-0.819347,-0.849256,-0.783864,0.568258,-0.817621,0.295812,0.338640,-0.329629,-0.158203,False,False,False,False
11,8,-0.017045,0.015013,-0.285095,-0.411126,-0.160418,-0.294102,-0.406027,-0.186493,-0.217572,-0.273019,0.149855,0.137545,-0.162677,-0.144119,True,True,False,False
16,1,-0.015062,0.004747,0.517892,0.408866,0.608800,-0.682142,-0.763488,-0.592085,0.533492,-0.683486,0.357680,0.388587,-0.217336,-0.138692,False,False,False,False
16,8,-0.001199,0.013846,0.212557,0.054015,0.355281,-0.535990,-0.621531,-0.441831,0.322155,-0.593952,0.266380,0.280957,-0.229605,-0.186767,False,False,False,False
13,26,0.003625,0.006536,-0.236609,-0.389404,-0.080933,-0.001752,-0.165311,0.148938,-0.345392,0.055144,0.099337,0.092940,-0.056312,-0.038501,False,False,False,False
